01802f75da35434ab373569fffc1fd65a3417aef.jpg,elephant,0.27
01802f75da35434ab373569fffc1fd65a3417aef.jpg,elephant,0.31
01802f75da35434ab373569fffc1fd65a3417aef.jpg,elephant,0.35
01802f75da35434ab373569fffc1fd65a3417aef.jpg,elephant,0.43
01802f75da35434ab373569fffc1fd65a3417aef.jpg,elephant,0.45
01802f75da35434ab373569fffc1fd65a3417aef.jpg,elephant,0.45
01802f75da35434ab373569fffc1fd65a3417aef.jpg,elephant,0.46
01802f75da35434ab373569fffc1fd65a3417aef.jpg,elephant,0.52
018f5ab5b7516a47ff2ac48a9fc08353b533c30f.jpg,elephant,0.27
018f5ab5b7516a47ff2ac48a9fc08353b533c30f.jpg,elephant,0.27
018f5ab5b7516a47ff2ac48a9fc08353b533c30f.jpg,elephant,0.30
018f5ab5b7516a47ff2ac48a9fc08353b533c30f.jpg,elephant,0.44
018f5ab5b7516a47ff2ac48a9fc08353b533c30f.jpg,elephant,0.45
018f5ab5b7516a47ff2ac48a9fc08353b533c30f.jpg,elephant,0.48
018f5ab5b7516a47ff2ac48a9fc08353b533c30f.jpg,elephant,0.60
018f5ab5b7516a47ff2ac48a9fc08353b533c30f.jpg,elephant,0.69
045f3b931fae913307c1f11512e79ddd891cb3ad.jpg,elephant,0.27
045f3b931fae913307c1f11512e79ddd891cb3ad.jpg,elephant,0.31
04bda8c273b5ef6b29e1f318a1da3e7506a5e4d8.jpg,elephant,0.29
04bda8c273b5ef6b29e1f318a1da3e7506a5e4d8.jpg,elephant,0.31
04bda8c273b5ef6b29e1f318a1da3e7506a5e4d8.jpg,elephant,0.38
04bda8c273b5ef6b29e1f318a1da3e7506a5e4d8.jpg,elephant,0.39
04bda8c273b5ef6b29e1f318a1da3e7506a5e4d8.jpg,elephant,0.43
04e8092d743bef891386f3e0ce82155f12aa4035.jpg,elephant,0.34
0785190a5cc7d49d248762a1dea380f9ae610692.jpg,elephant,0.36
081493d9934b2cd12b23cf458315febdaa986723.jpg,elephant,0.26
081493d9934b2cd12b23cf458315febdaa986723.jpg,elephant,0.27
081493d9934b2cd12b23cf458315febdaa986723.jpg,elephant,0.32
081493d9934b2cd12b23cf458315febdaa986723.jpg,elephant,0.36
081493d9934b2cd12b23cf458315febdaa986723.jpg,elephant,0.36
081493d9934b2cd12b23cf458315febdaa986723.jpg,elephant,0.38
081493d9934b2cd12b23cf458315febdaa986723.jpg,elephant,0.40
081493d9934b2cd12b23cf458315febdaa986723.jpg,elephant,0.47
081493d9934b2cd12b23cf458315febdaa986723.jpg,elephant,0.50
081493d9934b2cd12b23cf458315febdaa986723.jpg,elephant,0.51
09ba52297d91b809d44d929cf4562f7ddc7cfdf8.jpg,elephant,0.33
0c3a3464d66bda24aa7328dc188eabeb4726ae1e.jpg,elephant,0.32
0ce88f1797423e71eea30912e6b1858d4ce87c49.jpg,elephant,0.26
0ce88f1797423e71eea30912e6b1858d4ce87c49.jpg,elephant,0.34
102d2b93e0bad39c8c041242787eb9eb613848ec.jpg,elephant,0.41
112351277475e7c55f29d5a3c8c5a349216b514a.jpg,elephant,0.35
112351277475e7c55f29d5a3c8c5a349216b514a.jpg,elephant,0.41
112351277475e7c55f29d5a3c8c5a349216b514a.jpg,elephant,0.41
112351277475e7c55f29d5a3c8c5a349216b514a.jpg,elephant,0.50
13524d73233a9cc6f30cd1ab853064150e074eaf.jpg,elephant,0.62
13524d73233a9cc6f30cd1ab853064150e074eaf.jpg,elephant,0.76
14e3dd3050fda5620d8535fa9be946cd68aacbd2.jpg,elephant,0.29
1637c7b05d93390d2aa48e599a8dbb4833697e1c.jpg,elephant,0.35
1637c7b05d93390d2aa48e599a8dbb4833697e1c.jpg,elephant,0.45
1637c7b05d93390d2aa48e599a8dbb4833697e1c.jpg,elephant,0.47
1637c7b05d93390d2aa48e599a8dbb4833697e1c.jpg,elephant,0.57
1637c7b05d93390d2aa48e599a8dbb4833697e1c.jpg,elephant,0.60
1637c7b05d93390d2aa48e599a8dbb4833697e1c.jpg,elephant,0.66
1637c7b05d93390d2aa48e599a8dbb4833697e1c.jpg,elephant,0.66
1637c7b05d93390d2aa48e599a8dbb4833697e1c.jpg,elephant,0.73
1637c7b05d93390d2aa48e599a8dbb4833697e1c.jpg,elephant,0.74
19c019842e984b53a75251fa6a4c54e05682b762.jpg,elephant,0.27
19c019842e984b53a75251fa6a4c54e05682b762.jpg,elephant,0.58
19c019842e984b53a75251fa6a4c54e05682b762.jpg,elephant,0.60
19c019842e984b53a75251fa6a4c54e05682b762.jpg,elephant,0.63
19c019842e984b53a75251fa6a4c54e05682b762.jpg,elephant,0.67
19c019842e984b53a75251fa6a4c54e05682b762.jpg,elephant,0.68
19c019842e984b53a75251fa6a4c54e05682b762.jpg,elephant,0.70
1becd8ebedd1a6feaaeb733b0b498cbde366cd6d.jpg,elephant,0.30
1defaa68d2efe4b420d47d26c78a7735304148c9.jpg,elephant,0.36
1f5ec6c8f6248b307787a7d2417d8f8ebc72b135.jpg,elephant,0.26
1f5ec6c8f6248b307787a7d2417d8f8ebc72b135.jpg,elephant,0.28
1f5ec6c8f6248b307787a7d2417d8f8ebc72b135.jpg,elephant,0.29
1f5ec6c8f6248b307787a7d2417d8f8ebc72b135.jpg,elephant,0.36
1f5ec6c8f6248b307787a7d2417d8f8ebc72b135.jpg,elephant,0.36
1f5ec6c8f6248b307787a7d2417d8f8ebc72b135.jpg,elephant,0.37
1f5ec6c8f6248b307787a7d2417d8f8ebc72b135.jpg,elephant,0.46
1f5ec6c8f6248b307787a7d2417d8f8ebc72b135.jpg,elephant,0.48
1f5ec6c8f6248b307787a7d2417d8f8ebc72b135.jpg,elephant,0.50
1f5ec6c8f6248b307787a7d2417d8f8ebc72b135.jpg,elephant,0.51
1f5ec6c8f6248b307787a7d2417d8f8ebc72b135.jpg,elephant,0.52
1f5ec6c8f6248b307787a7d2417d8f8ebc72b135.jpg,elephant,0.53
1f5ec6c8f6248b307787a7d2417d8f8ebc72b135.jpg,elephant,0.53
1f5ec6c8f6248b307787a7d2417d8f8ebc72b135.jpg,elephant,0.53
1f5ec6c8f6248b307787a7d2417d8f8ebc72b135.jpg,elephant,0.53
1f5ec6c8f6248b307787a7d2417d8f8ebc72b135.jpg,elephant,0.54
1f5ec6c8f6248b307787a7d2417d8f8ebc72b135.jpg,elephant,0.57
1f5ec6c8f6248b307787a7d2417d8f8ebc72b135.jpg,elephant,0.61
1f5ec6c8f6248b307787a7d2417d8f8ebc72b135.jpg,elephant,0.61
1f5ec6c8f6248b307787a7d2417d8f8ebc72b135.jpg,elephant,0.61
1f5ec6c8f6248b307787a7d2417d8f8ebc72b135.jpg,elephant,0.65
1f5ec6c8f6248b307787a7d2417d8f8ebc72b135.jpg,elephant,0.66
1f5ec6c8f6248b307787a7d2417d8f8ebc72b135.jpg,elephant,0.68
1f5ec6c8f6248b307787a7d2417d8f8ebc72b135.jpg,elephant,0.71
1f5ec6c8f6248b307787a7d2417d8f8ebc72b135.jpg,elephant,0.71
1f5ec6c8f6248b307787a7d2417d8f8ebc72b135.jpg,elephant,0.73
225fd4ff9c3d8633a6d12ff3c3c36b484b60a98a.jpg,elephant,0.31
22ea3fe40f8ac4e0b70d196e07469642d7fe0f15.jpg,elephant,0.63
22ea3fe40f8ac4e0b70d196e07469642d7fe0f15.jpg,elephant,0.68
251d98b2a4ad6e957ac1fb86bb5bc31a7d20eb98.jpg,elephant,0.42
255360297f781d1bdacdbe290d23340dcac00034.jpg,elephant,0.53
258926619a82bb77a27c2d03ee95bccb5f0aaba2.jpg,elephant,0.26
258926619a82bb77a27c2d03ee95bccb5f0aaba2.jpg,elephant,0.26
258926619a82bb77a27c2d03ee95bccb5f0aaba2.jpg,elephant,0.27
258926619a82bb77a27c2d03ee95bccb5f0aaba2.jpg,elephant,0.28
258926619a82bb77a27c2d03ee95bccb5f0aaba2.jpg,elephant,0.28
258926619a82bb77a27c2d03ee95bccb5f0aaba2.jpg,elephant,0.29
258926619a82bb77a27c2d03ee95bccb5f0aaba2.jpg,elephant,0.31
258926619a82bb77a27c2d03ee95bccb5f0aaba2.jpg,elephant,0.32
258926619a82bb77a27c2d03ee95bccb5f0aaba2.jpg,elephant,0.33
258926619a82bb77a27c2d03ee95bccb5f0aaba2.jpg,elephant,0.33
258926619a82bb77a27c2d03ee95bccb5f0aaba2.jpg,elephant,0.35
258926619a82bb77a27c2d03ee95bccb5f0aaba2.jpg,elephant,0.35
258926619a82bb77a27c2d03ee95bccb5f0aaba2.jpg,elephant,0.36
258926619a82bb77a27c2d03ee95bccb5f0aaba2.jpg,elephant,0.39
258926619a82bb77a27c2d03ee95bccb5f0aaba2.jpg,elephant,0.41
258926619a82bb77a27c2d03ee95bccb5f0aaba2.jpg,elephant,0.44
258926619a82bb77a27c2d03ee95bccb5f0aaba2.jpg,elephant,0.45
258926619a82bb77a27c2d03ee95bccb5f0aaba2.jpg,elephant,0.50
258926619a82bb77a27c2d03ee95bccb5f0aaba2.jpg,elephant,0.50
258926619a82bb77a27c2d03ee95bccb5f0aaba2.jpg,elephant,0.51
258926619a82bb77a27c2d03ee95bccb5f0aaba2.jpg,elephant,0.52
258926619a82bb77a27c2d03ee95bccb5f0aaba2.jpg,elephant,0.54
258926619a82bb77a27c2d03ee95bccb5f0aaba2.jpg,elephant,0.54
258926619a82bb77a27c2d03ee95bccb5f0aaba2.jpg,elephant,0.59
258926619a82bb77a27c2d03ee95bccb5f0aaba2.jpg,elephant,0.60
258926619a82bb77a27c2d03ee95bccb5f0aaba2.jpg,elephant,0.61
258926619a82bb77a27c2d03ee95bccb5f0aaba2.jpg,elephant,0.62
258926619a82bb77a27c2d03ee95bccb5f0aaba2.jpg,elephant,0.64
258926619a82bb77a27c2d03ee95bccb5f0aaba2.jpg,elephant,0.64
258926619a82bb77a27c2d03ee95bccb5f0aaba2.jpg,elephant,0.65
258926619a82bb77a27c2d03ee95bccb5f0aaba2.jpg,elephant,0.67
258926619a82bb77a27c2d03ee95bccb5f0aaba2.jpg,elephant,0.68
258926619a82bb77a27c2d03ee95bccb5f0aaba2.jpg,elephant,0.69
258926619a82bb77a27c2d03ee95bccb5f0aaba2.jpg,elephant,0.71
2597b945bdcabec024c48006de4597d469c77e2b.jpg,elephant,0.38
2677975f513abc2dfb8c58fc2c3c09119c499ed2.jpg,elephant,0.33
274699f04a99fedd67fb5f7073d302e933e2eef5.jpg,elephant,0.35
274699f04a99fedd67fb5f7073d302e933e2eef5.jpg,elephant,0.42
28e47c5f67616f7d47c6e45430e7db39f26a2559.jpg,elephant,0.28
28e47c5f67616f7d47c6e45430e7db39f26a2559.jpg,elephant,0.31
28e47c5f67616f7d47c6e45430e7db39f26a2559.jpg,elephant,0.32
28e47c5f67616f7d47c6e45430e7db39f26a2559.jpg,elephant,0.52
28e47c5f67616f7d47c6e45430e7db39f26a2559.jpg,elephant,0.55
28e47c5f67616f7d47c6e45430e7db39f26a2559.jpg,elephant,0.56
28e47c5f67616f7d47c6e45430e7db39f26a2559.jpg,elephant,0.56
28e47c5f67616f7d47c6e45430e7db39f26a2559.jpg,elephant,0.57
28e47c5f67616f7d47c6e45430e7db39f26a2559.jpg,elephant,0.59
28e47c5f67616f7d47c6e45430e7db39f26a2559.jpg,elephant,0.60
28e47c5f67616f7d47c6e45430e7db39f26a2559.jpg,elephant,0.63
28e47c5f67616f7d47c6e45430e7db39f26a2559.jpg,elephant,0.64
28e47c5f67616f7d47c6e45430e7db39f26a2559.jpg,elephant,0.64
28e47c5f67616f7d47c6e45430e7db39f26a2559.jpg,elephant,0.66
28e47c5f67616f7d47c6e45430e7db39f26a2559.jpg,elephant,0.68
28e47c5f67616f7d47c6e45430e7db39f26a2559.jpg,elephant,0.69
28e47c5f67616f7d47c6e45430e7db39f26a2559.jpg,elephant,0.70
28e47c5f67616f7d47c6e45430e7db39f26a2559.jpg,elephant,0.73
28e47c5f67616f7d47c6e45430e7db39f26a2559.jpg,elephant,0.77
28e47c5f67616f7d47c6e45430e7db39f26a2559.jpg,elephant,0.80
2afabb35b7aba93301b1fab727a4b2ad2976acd3.jpg,elephant,0.36
2afabb35b7aba93301b1fab727a4b2ad2976acd3.jpg,elephant,0.41
2b3bd1242908660205af2678ff624f7e7c189b95.jpg,elephant,0.30
2b3bd1242908660205af2678ff624f7e7c189b95.jpg,elephant,0.43
2c5f499b20e6dc33de0878e270bca30b38f9b7c3.jpg,elephant,0.36
2c5f499b20e6dc33de0878e270bca30b38f9b7c3.jpg,elephant,0.52
2c5f499b20e6dc33de0878e270bca30b38f9b7c3.jpg,elephant,0.61
2c5f499b20e6dc33de0878e270bca30b38f9b7c3.jpg,elephant,0.66
2c7152cd11c7e6f4e6417c2fff4e1259c6a4529b.jpg,elephant,0.60
2d6653cf632e3cc278b992e1b4708f5ae259de16.jpg,elephant,0.39
2df4a2f20d737f7735f3d53ca140be9026ba321b.jpg,elephant,0.27
2e7d8aefe3c97c5387444deb6a20548175a64eb7.jpg,elephant,0.26
2e7d8aefe3c97c5387444deb6a20548175a64eb7.jpg,elephant,0.48
2e7d8aefe3c97c5387444deb6a20548175a64eb7.jpg,elephant,0.55
2e7d8aefe3c97c5387444deb6a20548175a64eb7.jpg,elephant,0.57
2e7d8aefe3c97c5387444deb6a20548175a64eb7.jpg,elephant,0.60
2e7d8aefe3c97c5387444deb6a20548175a64eb7.jpg,elephant,0.62
2e7d8aefe3c97c5387444deb6a20548175a64eb7.jpg,elephant,0.65
2e7d8aefe3c97c5387444deb6a20548175a64eb7.jpg,elephant,0.68
2e7d8aefe3c97c5387444deb6a20548175a64eb7.jpg,elephant,0.73
30cf3184614eec5e01baca2567a181796dcd412c.jpg,elephant,0.35
3104e5977ec99d07afba1dee60ec478a68a0f5ed.jpg,elephant,0.31
31529a4caba2c5e37e4f9ecf311a6f5810ca64ff.jpg,elephant,0.28
31b98a27c67a87a50b755da8f3dc8d45df41e228.jpg,elephant,0.26
31b98a27c67a87a50b755da8f3dc8d45df41e228.jpg,elephant,0.26
31b98a27c67a87a50b755da8f3dc8d45df41e228.jpg,elephant,0.45
31f469e4e037ae4796a964d50dcb37685b2a0f2f.jpg,elephant,0.31
31f469e4e037ae4796a964d50dcb37685b2a0f2f.jpg,elephant,0.44
31f469e4e037ae4796a964d50dcb37685b2a0f2f.jpg,elephant,0.46
33781a4896b3a4378749f61b5d85464ebf79e694.jpg,elephant,0.57
33781a4896b3a4378749f61b5d85464ebf79e694.jpg,elephant,0.58
33781a4896b3a4378749f61b5d85464ebf79e694.jpg,elephant,0.59
33781a4896b3a4378749f61b5d85464ebf79e694.jpg,elephant,0.61
33781a4896b3a4378749f61b5d85464ebf79e694.jpg,elephant,0.61
33781a4896b3a4378749f61b5d85464ebf79e694.jpg,elephant,0.62
33781a4896b3a4378749f61b5d85464ebf79e694.jpg,elephant,0.65
33781a4896b3a4378749f61b5d85464ebf79e694.jpg,elephant,0.68
33781a4896b3a4378749f61b5d85464ebf79e694.jpg,elephant,0.70
340ed6aabdbb3a81f02a29c7d811b8a0793bf700.jpg,elephant,0.35
340ed6aabdbb3a81f02a29c7d811b8a0793bf700.jpg,elephant,0.61
3469664588b6b455c74697674b666d3f14349114.jpg,elephant,0.45
3746f9dfcaaac3dd28c47c7ffb520270f6ad3227.jpg,elephant,0.27
387aaa72021437422dabd8309ddd806707e6ce16.jpg,elephant,0.35
387aaa72021437422dabd8309ddd806707e6ce16.jpg,elephant,0.36
387aaa72021437422dabd8309ddd806707e6ce16.jpg,elephant,0.48
387aaa72021437422dabd8309ddd806707e6ce16.jpg,elephant,0.51
387aaa72021437422dabd8309ddd806707e6ce16.jpg,elephant,0.56
387aaa72021437422dabd8309ddd806707e6ce16.jpg,elephant,0.59
387aaa72021437422dabd8309ddd806707e6ce16.jpg,elephant,0.61
387aaa72021437422dabd8309ddd806707e6ce16.jpg,elephant,0.62
387aaa72021437422dabd8309ddd806707e6ce16.jpg,elephant,0.62
387ae8745c177aab838df41361e3f242e2394285.jpg,elephant,0.32
39220a3bb1a3f74175d10221fce6926bb66969bf.jpg,elephant,0.32
39220a3bb1a3f74175d10221fce6926bb66969bf.jpg,elephant,0.47
39220a3bb1a3f74175d10221fce6926bb66969bf.jpg,elephant,0.49
39220a3bb1a3f74175d10221fce6926bb66969bf.jpg,elephant,0.53
39220a3bb1a3f74175d10221fce6926bb66969bf.jpg,elephant,0.55
39220a3bb1a3f74175d10221fce6926bb66969bf.jpg,elephant,0.66
39f13d8c38dc45da940f6bcbfded7858a5fca5a7.jpg,elephant,0.34
3e66394be52afff062ebe4499aa28d5a1365101d.jpg,elephant,0.34
3e97f58b0fb7b2a1250067da882f8706478f26dd.jpg,elephant,0.63
3e97f58b0fb7b2a1250067da882f8706478f26dd.jpg,elephant,0.68
3f8c96422a94b06065b41e43e787d856ecc3dcaa.jpg,elephant,0.43
4140a7c83fb08a7c92ac55f119bccdb29937367c.jpg,elephant,0.69
460853c71352ae1a5ac18d1722ac7406ccaafaf5.jpg,elephant,0.41
462c19765d76d76f5e9cdb31cdcb2c5cc9ac1811.jpg,elephant,0.44
4631736fde0f2958f72afe643c034841082491ed.jpg,elephant,0.30
4631736fde0f2958f72afe643c034841082491ed.jpg,elephant,0.45
4631736fde0f2958f72afe643c034841082491ed.jpg,elephant,0.52
46dda27dde3a1c334d1249602192ebb316c05a82.jpg,elephant,0.60
46dda27dde3a1c334d1249602192ebb316c05a82.jpg,elephant,0.78
47e9e68c8380b8063daf90f1dda4890ad5a98542.jpg,elephant,0.30
48c7e66d04dd8dc674a6a7287d38eb24be09c594.jpg,elephant,0.30
48c7e66d04dd8dc674a6a7287d38eb24be09c594.jpg,elephant,0.31
4a0ec655dfaf4ddbe8011889a090436d21c48d5b.jpg,elephant,0.33
4a0ec655dfaf4ddbe8011889a090436d21c48d5b.jpg,elephant,0.37
4a0ec655dfaf4ddbe8011889a090436d21c48d5b.jpg,elephant,0.59
4a0ec655dfaf4ddbe8011889a090436d21c48d5b.jpg,elephant,0.61
4a0ec655dfaf4ddbe8011889a090436d21c48d5b.jpg,elephant,0.62
4a0ec655dfaf4ddbe8011889a090436d21c48d5b.jpg,elephant,0.68
4b51e4d130a04d36f04b5a554a0bf0272509fa2c.jpg,elephant,0.40
4b6fad4a59aef4029905c823c6756bab782d7cc8.jpg,elephant,0.63
4bd41371d14b60e382277e6bd4f3d111f9f135cb.jpg,elephant,0.28
4bd41371d14b60e382277e6bd4f3d111f9f135cb.jpg,elephant,0.29
4c72206c5e1dda07c11c14bed9cfb1896044bddb.jpg,elephant,0.29
4c72206c5e1dda07c11c14bed9cfb1896044bddb.jpg,elephant,0.44
4ddbeed9255571ac105dbc8bb89cb3c8d9d45c95.jpg,elephant,0.35
4f10bee7ce6eee15ea2f0cc679c3424d1b9beb92.jpg,elephant,0.43
4f10bee7ce6eee15ea2f0cc679c3424d1b9beb92.jpg,elephant,0.75
4f4bfaab010674f6f1046db9e20151ebd96e73c7.jpg,elephant,0.27
501e0122c32bf2a2137a03b57157a378fdca789a.jpg,elephant,0.25
501e0122c32bf2a2137a03b57157a378fdca789a.jpg,elephant,0.27
501e0122c32bf2a2137a03b57157a378fdca789a.jpg,elephant,0.28
501e0122c32bf2a2137a03b57157a378fdca789a.jpg,elephant,0.33
501e0122c32bf2a2137a03b57157a378fdca789a.jpg,elephant,0.33
501e0122c32bf2a2137a03b57157a378fdca789a.jpg,elephant,0.34
502c8b5dc91183abce609d6cc08604123e099c7f.jpg,elephant,0.25
502c8b5dc91183abce609d6cc08604123e099c7f.jpg,elephant,0.64
50e642125b7ee2a9a8f7838202fb8f0458b8c800.jpg,elephant,0.26
50e642125b7ee2a9a8f7838202fb8f0458b8c800.jpg,elephant,0.29
50e642125b7ee2a9a8f7838202fb8f0458b8c800.jpg,elephant,0.54
50e642125b7ee2a9a8f7838202fb8f0458b8c800.jpg,elephant,0.55
50e642125b7ee2a9a8f7838202fb8f0458b8c800.jpg,elephant,0.61
50e642125b7ee2a9a8f7838202fb8f0458b8c800.jpg,elephant,0.66
51b10e3185b087552cbc9c66382f2b0b171b19af.jpg,elephant,0.27
51b10e3185b087552cbc9c66382f2b0b171b19af.jpg,elephant,0.27
51b10e3185b087552cbc9c66382f2b0b171b19af.jpg,elephant,0.27
51b10e3185b087552cbc9c66382f2b0b171b19af.jpg,elephant,0.29
51b10e3185b087552cbc9c66382f2b0b171b19af.jpg,elephant,0.30
51b10e3185b087552cbc9c66382f2b0b171b19af.jpg,elephant,0.30
51b10e3185b087552cbc9c66382f2b0b171b19af.jpg,elephant,0.30
51b10e3185b087552cbc9c66382f2b0b171b19af.jpg,elephant,0.32
51b10e3185b087552cbc9c66382f2b0b171b19af.jpg,elephant,0.32
51b10e3185b087552cbc9c66382f2b0b171b19af.jpg,elephant,0.34
51b10e3185b087552cbc9c66382f2b0b171b19af.jpg,elephant,0.40
51b10e3185b087552cbc9c66382f2b0b171b19af.jpg,elephant,0.41
51b10e3185b087552cbc9c66382f2b0b171b19af.jpg,elephant,0.47
51b10e3185b087552cbc9c66382f2b0b171b19af.jpg,elephant,0.51
51b10e3185b087552cbc9c66382f2b0b171b19af.jpg,elephant,0.52
51b10e3185b087552cbc9c66382f2b0b171b19af.jpg,elephant,0.57
51b10e3185b087552cbc9c66382f2b0b171b19af.jpg,elephant,0.59
51b10e3185b087552cbc9c66382f2b0b171b19af.jpg,elephant,0.61
51b10e3185b087552cbc9c66382f2b0b171b19af.jpg,elephant,0.66
51b10e3185b087552cbc9c66382f2b0b171b19af.jpg,elephant,0.66
51b10e3185b087552cbc9c66382f2b0b171b19af.jpg,elephant,0.67
51b10e3185b087552cbc9c66382f2b0b171b19af.jpg,elephant,0.68
51b10e3185b087552cbc9c66382f2b0b171b19af.jpg,elephant,0.68
51b10e3185b087552cbc9c66382f2b0b171b19af.jpg,elephant,0.69
51b10e3185b087552cbc9c66382f2b0b171b19af.jpg,elephant,0.73
52ecc133f4ccd2b214b34461add76e4e1591f0f9.jpg,elephant,0.37
52ecc133f4ccd2b214b34461add76e4e1591f0f9.jpg,elephant,0.37
52ecc133f4ccd2b214b34461add76e4e1591f0f9.jpg,elephant,0.46
52ecc133f4ccd2b214b34461add76e4e1591f0f9.jpg,elephant,0.62
53cbb9dc364fc61f4926e174cafa864019ef7c8c.jpg,elephant,0.47
53cbb9dc364fc61f4926e174cafa864019ef7c8c.jpg,elephant,0.49
555eb972652cf766ed1fd1ac5125ea410fd7b04a.jpg,elephant,0.43
555eb972652cf766ed1fd1ac5125ea410fd7b04a.jpg,elephant,0.44
555eb972652cf766ed1fd1ac5125ea410fd7b04a.jpg,elephant,0.45
555eb972652cf766ed1fd1ac5125ea410fd7b04a.jpg,elephant,0.54
57a5f7211dd0480deab84933e9f3da829b781fe8.jpg,elephant,0.35
57edbd53d369f9911d07ebba9d2678b63515de98.jpg,elephant,0.62
5b5c83ce0b1db555b31afb42662abe763d1fff96.jpg,elephant,0.27
5b5c83ce0b1db555b31afb42662abe763d1fff96.jpg,elephant,0.29
5b5c83ce0b1db555b31afb42662abe763d1fff96.jpg,elephant,0.34
5b5c83ce0b1db555b31afb42662abe763d1fff96.jpg,elephant,0.37
5b5c83ce0b1db555b31afb42662abe763d1fff96.jpg,elephant,0.40
5b5c83ce0b1db555b31afb42662abe763d1fff96.jpg,elephant,0.45
5b5c83ce0b1db555b31afb42662abe763d1fff96.jpg,elephant,0.55
5b5c83ce0b1db555b31afb42662abe763d1fff96.jpg,elephant,0.62
5e0bcdc7138a386805d07f49da893d0059e282be.jpg,elephant,0.26
5e0bcdc7138a386805d07f49da893d0059e282be.jpg,elephant,0.45
5e0bcdc7138a386805d07f49da893d0059e282be.jpg,elephant,0.46
5e0bcdc7138a386805d07f49da893d0059e282be.jpg,elephant,0.47
5e0bcdc7138a386805d07f49da893d0059e282be.jpg,elephant,0.49
5e0bcdc7138a386805d07f49da893d0059e282be.jpg,elephant,0.58
5e0bcdc7138a386805d07f49da893d0059e282be.jpg,elephant,0.58
5e0bcdc7138a386805d07f49da893d0059e282be.jpg,elephant,0.69
5e0bcdc7138a386805d07f49da893d0059e282be.jpg,elephant,0.70
5e0bcdc7138a386805d07f49da893d0059e282be.jpg,elephant,0.71
5e0bcdc7138a386805d07f49da893d0059e282be.jpg,elephant,0.72
5e0bcdc7138a386805d07f49da893d0059e282be.jpg,elephant,0.75
5e0bcdc7138a386805d07f49da893d0059e282be.jpg,elephant,0.77
5e384a5701afb0477086ef473cd3f98f28858068.jpg,elephant,0.35
5ea0cf194e2c486a21b0de100555227e8b837d51.jpg,elephant,0.27
5ea0cf194e2c486a21b0de100555227e8b837d51.jpg,elephant,0.27
5ea0cf194e2c486a21b0de100555227e8b837d51.jpg,elephant,0.29
5ea0cf194e2c486a21b0de100555227e8b837d51.jpg,elephant,0.29
5ea0cf194e2c486a21b0de100555227e8b837d51.jpg,elephant,0.30
5ea0cf194e2c486a21b0de100555227e8b837d51.jpg,elephant,0.31
5ea0cf194e2c486a21b0de100555227e8b837d51.jpg,elephant,0.31
5ea0cf194e2c486a21b0de100555227e8b837d51.jpg,elephant,0.37
5ea0cf194e2c486a21b0de100555227e8b837d51.jpg,elephant,0.40
5ea0cf194e2c486a21b0de100555227e8b837d51.jpg,elephant,0.47
5ea0cf194e2c486a21b0de100555227e8b837d51.jpg,elephant,0.48
5ea0cf194e2c486a21b0de100555227e8b837d51.jpg,elephant,0.49
5ea0cf194e2c486a21b0de100555227e8b837d51.jpg,elephant,0.56
5ea0cf194e2c486a21b0de100555227e8b837d51.jpg,elephant,0.57
5ea0cf194e2c486a21b0de100555227e8b837d51.jpg,elephant,0.60
5ea0cf194e2c486a21b0de100555227e8b837d51.jpg,elephant,0.60
5ea0cf194e2c486a21b0de100555227e8b837d51.jpg,elephant,0.64
5ea0cf194e2c486a21b0de100555227e8b837d51.jpg,elephant,0.66
5ea0cf194e2c486a21b0de100555227e8b837d51.jpg,elephant,0.67
5ea0cf194e2c486a21b0de100555227e8b837d51.jpg,elephant,0.68
5ea0cf194e2c486a21b0de100555227e8b837d51.jpg,elephant,0.70
5ef1209c099126498ac2be253110a40e89c4500c.jpg,elephant,0.62
5ef1209c099126498ac2be253110a40e89c4500c.jpg,elephant,0.71
5f6f11e664c39ea1a557519a541cc2681b7692f4.jpg,elephant,0.33
5f6f11e664c39ea1a557519a541cc2681b7692f4.jpg,elephant,0.52
5f6f11e664c39ea1a557519a541cc2681b7692f4.jpg,elephant,0.59
5fb0641b8f1ed1fb5aa1b2a7f7d2384b1535bdc8.jpg,elephant,0.31
5fb0641b8f1ed1fb5aa1b2a7f7d2384b1535bdc8.jpg,elephant,0.31
5fb0641b8f1ed1fb5aa1b2a7f7d2384b1535bdc8.jpg,elephant,0.31
5fb0641b8f1ed1fb5aa1b2a7f7d2384b1535bdc8.jpg,elephant,0.31
5fb0641b8f1ed1fb5aa1b2a7f7d2384b1535bdc8.jpg,elephant,0.31
5fb0641b8f1ed1fb5aa1b2a7f7d2384b1535bdc8.jpg,elephant,0.34
5fb0641b8f1ed1fb5aa1b2a7f7d2384b1535bdc8.jpg,elephant,0.35
5fb0641b8f1ed1fb5aa1b2a7f7d2384b1535bdc8.jpg,elephant,0.37
5fb0641b8f1ed1fb5aa1b2a7f7d2384b1535bdc8.jpg,elephant,0.41
5fb0641b8f1ed1fb5aa1b2a7f7d2384b1535bdc8.jpg,elephant,0.45
5fb0641b8f1ed1fb5aa1b2a7f7d2384b1535bdc8.jpg,elephant,0.46
5fb0641b8f1ed1fb5aa1b2a7f7d2384b1535bdc8.jpg,elephant,0.47
5fb0641b8f1ed1fb5aa1b2a7f7d2384b1535bdc8.jpg,elephant,0.48
5fb0641b8f1ed1fb5aa1b2a7f7d2384b1535bdc8.jpg,elephant,0.56
5fb0641b8f1ed1fb5aa1b2a7f7d2384b1535bdc8.jpg,elephant,0.63
631ec2b74b934789fa5a8c9503972e41190955a7.jpg,elephant,0.31
631ec2b74b934789fa5a8c9503972e41190955a7.jpg,elephant,0.59
672913bdda9dfead1405d2184bf1e9275fbd273b.jpg,elephant,0.27
672913bdda9dfead1405d2184bf1e9275fbd273b.jpg,elephant,0.41
672913bdda9dfead1405d2184bf1e9275fbd273b.jpg,elephant,0.46
680ccaf16ec0eadacbb0fbf0033926c4f316edbd.jpg,elephant,0.49
6840ce536adbb0ef0410ca9b037e2cbd0cdc6b6d.jpg,elephant,0.33
6840ce536adbb0ef0410ca9b037e2cbd0cdc6b6d.jpg,elephant,0.34
6840ce536adbb0ef0410ca9b037e2cbd0cdc6b6d.jpg,elephant,0.35
6840ce536adbb0ef0410ca9b037e2cbd0cdc6b6d.jpg,elephant,0.42
6840ce536adbb0ef0410ca9b037e2cbd0cdc6b6d.jpg,elephant,0.43
6840ce536adbb0ef0410ca9b037e2cbd0cdc6b6d.jpg,elephant,0.46
6840ce536adbb0ef0410ca9b037e2cbd0cdc6b6d.jpg,elephant,0.47
6840ce536adbb0ef0410ca9b037e2cbd0cdc6b6d.jpg,elephant,0.47
6840ce536adbb0ef0410ca9b037e2cbd0cdc6b6d.jpg,elephant,0.48
6840ce536adbb0ef0410ca9b037e2cbd0cdc6b6d.jpg,elephant,0.48
6840ce536adbb0ef0410ca9b037e2cbd0cdc6b6d.jpg,elephant,0.48
6840ce536adbb0ef0410ca9b037e2cbd0cdc6b6d.jpg,elephant,0.49
6840ce536adbb0ef0410ca9b037e2cbd0cdc6b6d.jpg,elephant,0.55
6840ce536adbb0ef0410ca9b037e2cbd0cdc6b6d.jpg,elephant,0.57
6840ce536adbb0ef0410ca9b037e2cbd0cdc6b6d.jpg,elephant,0.59
6840ce536adbb0ef0410ca9b037e2cbd0cdc6b6d.jpg,elephant,0.59
6840ce536adbb0ef0410ca9b037e2cbd0cdc6b6d.jpg,elephant,0.59
6840ce536adbb0ef0410ca9b037e2cbd0cdc6b6d.jpg,elephant,0.60
6840ce536adbb0ef0410ca9b037e2cbd0cdc6b6d.jpg,elephant,0.62
6840ce536adbb0ef0410ca9b037e2cbd0cdc6b6d.jpg,elephant,0.63
6840ce536adbb0ef0410ca9b037e2cbd0cdc6b6d.jpg,elephant,0.63
6840ce536adbb0ef0410ca9b037e2cbd0cdc6b6d.jpg,elephant,0.65
6840ce536adbb0ef0410ca9b037e2cbd0cdc6b6d.jpg,elephant,0.65
6840ce536adbb0ef0410ca9b037e2cbd0cdc6b6d.jpg,elephant,0.65
6840ce536adbb0ef0410ca9b037e2cbd0cdc6b6d.jpg,elephant,0.66
6840ce536adbb0ef0410ca9b037e2cbd0cdc6b6d.jpg,elephant,0.67
6840ce536adbb0ef0410ca9b037e2cbd0cdc6b6d.jpg,elephant,0.68
6840ce536adbb0ef0410ca9b037e2cbd0cdc6b6d.jpg,elephant,0.69
6840ce536adbb0ef0410ca9b037e2cbd0cdc6b6d.jpg,elephant,0.69
6840ce536adbb0ef0410ca9b037e2cbd0cdc6b6d.jpg,elephant,0.71
6840ce536adbb0ef0410ca9b037e2cbd0cdc6b6d.jpg,elephant,0.71
6840ce536adbb0ef0410ca9b037e2cbd0cdc6b6d.jpg,elephant,0.72
6840ce536adbb0ef0410ca9b037e2cbd0cdc6b6d.jpg,elephant,0.73
6840ce536adbb0ef0410ca9b037e2cbd0cdc6b6d.jpg,elephant,0.74
6840ce536adbb0ef0410ca9b037e2cbd0cdc6b6d.jpg,elephant,0.74
6840ce536adbb0ef0410ca9b037e2cbd0cdc6b6d.jpg,elephant,0.74
6840ce536adbb0ef0410ca9b037e2cbd0cdc6b6d.jpg,elephant,0.75
6840ce536adbb0ef0410ca9b037e2cbd0cdc6b6d.jpg,elephant,0.75
6840ce536adbb0ef0410ca9b037e2cbd0cdc6b6d.jpg,elephant,0.76
6840ce536adbb0ef0410ca9b037e2cbd0cdc6b6d.jpg,elephant,0.76
6840ce536adbb0ef0410ca9b037e2cbd0cdc6b6d.jpg,elephant,0.77
6840ce536adbb0ef0410ca9b037e2cbd0cdc6b6d.jpg,elephant,0.78
6840ce536adbb0ef0410ca9b037e2cbd0cdc6b6d.jpg,elephant,0.79
6840ce536adbb0ef0410ca9b037e2cbd0cdc6b6d.jpg,elephant,0.80
6840ce536adbb0ef0410ca9b037e2cbd0cdc6b6d.jpg,elephant,0.82
6840ce536adbb0ef0410ca9b037e2cbd0cdc6b6d.jpg,elephant,0.83
68b9c06c62cb53188c6ff8c6c3e489fd789b10c2.jpg,elephant,0.46
69fab1105c5709822edd34975aa0faaa5d922866.jpg,elephant,0.36
69fab1105c5709822edd34975aa0faaa5d922866.jpg,elephant,0.51
69fab1105c5709822edd34975aa0faaa5d922866.jpg,elephant,0.72
6a4bfe88704997049731a78c3e46883aeb0a0693.jpg,elephant,0.37
6a4bfe88704997049731a78c3e46883aeb0a0693.jpg,elephant,0.77
6ac7880ad90388734c35902091bf1ba54ccde692.jpg,elephant,0.27
6ac7880ad90388734c35902091bf1ba54ccde692.jpg,elephant,0.33
6ac7880ad90388734c35902091bf1ba54ccde692.jpg,elephant,0.34
6ac7880ad90388734c35902091bf1ba54ccde692.jpg,elephant,0.55
6ba1e6c0d68491080689b71c1db8e64b2364aa1e.jpg,elephant,0.29
6ba1e6c0d68491080689b71c1db8e64b2364aa1e.jpg,elephant,0.29
6ba1e6c0d68491080689b71c1db8e64b2364aa1e.jpg,elephant,0.30
6ba1e6c0d68491080689b71c1db8e64b2364aa1e.jpg,elephant,0.31
6ba1e6c0d68491080689b71c1db8e64b2364aa1e.jpg,elephant,0.32
6ba1e6c0d68491080689b71c1db8e64b2364aa1e.jpg,elephant,0.32
6ba1e6c0d68491080689b71c1db8e64b2364aa1e.jpg,elephant,0.33
6ba1e6c0d68491080689b71c1db8e64b2364aa1e.jpg,elephant,0.36
6ba1e6c0d68491080689b71c1db8e64b2364aa1e.jpg,elephant,0.36
6ba1e6c0d68491080689b71c1db8e64b2364aa1e.jpg,elephant,0.37
6ba1e6c0d68491080689b71c1db8e64b2364aa1e.jpg,elephant,0.38
6ba1e6c0d68491080689b71c1db8e64b2364aa1e.jpg,elephant,0.38
6ba1e6c0d68491080689b71c1db8e64b2364aa1e.jpg,elephant,0.38
6ba1e6c0d68491080689b71c1db8e64b2364aa1e.jpg,elephant,0.42
6ba1e6c0d68491080689b71c1db8e64b2364aa1e.jpg,elephant,0.44
6ba1e6c0d68491080689b71c1db8e64b2364aa1e.jpg,elephant,0.46
6ba1e6c0d68491080689b71c1db8e64b2364aa1e.jpg,elephant,0.46
6ba1e6c0d68491080689b71c1db8e64b2364aa1e.jpg,elephant,0.46
6ba1e6c0d68491080689b71c1db8e64b2364aa1e.jpg,elephant,0.47
6ba1e6c0d68491080689b71c1db8e64b2364aa1e.jpg,elephant,0.54
6ba1e6c0d68491080689b71c1db8e64b2364aa1e.jpg,elephant,0.56
6ba1e6c0d68491080689b71c1db8e64b2364aa1e.jpg,elephant,0.58
6ba1e6c0d68491080689b71c1db8e64b2364aa1e.jpg,elephant,0.59
6ba1e6c0d68491080689b71c1db8e64b2364aa1e.jpg,elephant,0.59
6ba1e6c0d68491080689b71c1db8e64b2364aa1e.jpg,elephant,0.60
6ba1e6c0d68491080689b71c1db8e64b2364aa1e.jpg,elephant,0.65
6ba1e6c0d68491080689b71c1db8e64b2364aa1e.jpg,elephant,0.66
6c498922bf17f42dcda702c8d7af4a6021565f59.jpg,elephant,0.30
6c498922bf17f42dcda702c8d7af4a6021565f59.jpg,elephant,0.33
6c72550a3fddd4de5240d56224c29ade3997e48f.jpg,elephant,0.29
6ecea2bef8418eddb1d1e68d8532540fa1c3f5dc.jpg,elephant,0.27
6ecea2bef8418eddb1d1e68d8532540fa1c3f5dc.jpg,elephant,0.31
6ecea2bef8418eddb1d1e68d8532540fa1c3f5dc.jpg,elephant,0.47
6ecea2bef8418eddb1d1e68d8532540fa1c3f5dc.jpg,elephant,0.48
6ecea2bef8418eddb1d1e68d8532540fa1c3f5dc.jpg,elephant,0.50
6ecea2bef8418eddb1d1e68d8532540fa1c3f5dc.jpg,elephant,0.53
6ecea2bef8418eddb1d1e68d8532540fa1c3f5dc.jpg,elephant,0.55
6ecea2bef8418eddb1d1e68d8532540fa1c3f5dc.jpg,elephant,0.60
6ecea2bef8418eddb1d1e68d8532540fa1c3f5dc.jpg,elephant,0.60
6ecea2bef8418eddb1d1e68d8532540fa1c3f5dc.jpg,elephant,0.72
6ecea2bef8418eddb1d1e68d8532540fa1c3f5dc.jpg,elephant,0.74
6ecea2bef8418eddb1d1e68d8532540fa1c3f5dc.jpg,elephant,0.76
6ecea2bef8418eddb1d1e68d8532540fa1c3f5dc.jpg,elephant,0.77
6fea505d3549dcd9f5b24bd1ed6388b4d1871384.jpg,elephant,0.27
704985d65021925116e88eee8c7d35aff7458e72.jpg,elephant,0.28
704985d65021925116e88eee8c7d35aff7458e72.jpg,elephant,0.32
704985d65021925116e88eee8c7d35aff7458e72.jpg,elephant,0.41
713802668a3707d6813fc523e9f2e05fcbad524c.jpg,elephant,0.26
713802668a3707d6813fc523e9f2e05fcbad524c.jpg,elephant,0.45
733f17737f4941d65aece72cd81b4e439818440a.jpg,elephant,0.26
733f17737f4941d65aece72cd81b4e439818440a.jpg,elephant,0.34
733f17737f4941d65aece72cd81b4e439818440a.jpg,elephant,0.36
733f17737f4941d65aece72cd81b4e439818440a.jpg,elephant,0.43
733f17737f4941d65aece72cd81b4e439818440a.jpg,elephant,0.60
733f17737f4941d65aece72cd81b4e439818440a.jpg,elephant,0.81
738419d87813ffcc349890714ed576fabaf1703d.jpg,elephant,0.25
738419d87813ffcc349890714ed576fabaf1703d.jpg,elephant,0.27
738419d87813ffcc349890714ed576fabaf1703d.jpg,elephant,0.39
738419d87813ffcc349890714ed576fabaf1703d.jpg,elephant,0.41
738419d87813ffcc349890714ed576fabaf1703d.jpg,elephant,0.46
738419d87813ffcc349890714ed576fabaf1703d.jpg,elephant,0.49
738419d87813ffcc349890714ed576fabaf1703d.jpg,elephant,0.53
738419d87813ffcc349890714ed576fabaf1703d.jpg,elephant,0.75
74a34680c035fcd8805a295d364180df7c27d1e7.jpg,elephant,0.26
74f9aaf2511c7544eb974b3e434fda26749ce0cf.jpg,elephant,0.38
74f9aaf2511c7544eb974b3e434fda26749ce0cf.jpg,elephant,0.41
74f9aaf2511c7544eb974b3e434fda26749ce0cf.jpg,elephant,0.64
74f9aaf2511c7544eb974b3e434fda26749ce0cf.jpg,elephant,0.65
74f9aaf2511c7544eb974b3e434fda26749ce0cf.jpg,elephant,0.72
7536f1e7caac246f5f56a26e7bd12be29d3cad4a.jpg,elephant,0.31
7536f1e7caac246f5f56a26e7bd12be29d3cad4a.jpg,elephant,0.35
7536f1e7caac246f5f56a26e7bd12be29d3cad4a.jpg,elephant,0.38
7536f1e7caac246f5f56a26e7bd12be29d3cad4a.jpg,elephant,0.39
7536f1e7caac246f5f56a26e7bd12be29d3cad4a.jpg,elephant,0.44
7536f1e7caac246f5f56a26e7bd12be29d3cad4a.jpg,elephant,0.47
7536f1e7caac246f5f56a26e7bd12be29d3cad4a.jpg,elephant,0.48
7536f1e7caac246f5f56a26e7bd12be29d3cad4a.jpg,elephant,0.49
7536f1e7caac246f5f56a26e7bd12be29d3cad4a.jpg,elephant,0.56
75f1f9549732b8b0518026b569b7ccaee188a770.jpg,elephant,0.42
75fbb36cd9bd5d50d3c425f493379e1f8b46dcee.jpg,elephant,0.63
79f7b18ff819ce396eb8c7b49d99caf4f61c56be.jpg,elephant,0.40
79f7b18ff819ce396eb8c7b49d99caf4f61c56be.jpg,elephant,0.44
79f7b18ff819ce396eb8c7b49d99caf4f61c56be.jpg,elephant,0.48
79f7b18ff819ce396eb8c7b49d99caf4f61c56be.jpg,elephant,0.50
79f7b18ff819ce396eb8c7b49d99caf4f61c56be.jpg,elephant,0.50
7aa9b56203bffbce8014de5511a6652b9d553157.jpg,elephant,0.54
7aa9b56203bffbce8014de5511a6652b9d553157.jpg,elephant,0.61
7c022db0ae47b20e8ad3f8be41d34f5a44a259a8.jpg,elephant,0.46
7c022db0ae47b20e8ad3f8be41d34f5a44a259a8.jpg,elephant,0.59
7c022db0ae47b20e8ad3f8be41d34f5a44a259a8.jpg,elephant,0.60
7c985541286ab8c2fe67566a850522ec06908260.jpg,elephant,0.32
7c985541286ab8c2fe67566a850522ec06908260.jpg,elephant,0.39
7c985541286ab8c2fe67566a850522ec06908260.jpg,elephant,0.45
7c985541286ab8c2fe67566a850522ec06908260.jpg,elephant,0.55
7c985541286ab8c2fe67566a850522ec06908260.jpg,elephant,0.57
7c985541286ab8c2fe67566a850522ec06908260.jpg,elephant,0.65
7daf6a45b7d03fcd47a63e0e50305be41c7f74f3.jpg,elephant,0.27
7daf6a45b7d03fcd47a63e0e50305be41c7f74f3.jpg,elephant,0.34
7dfe9b6bc9fcc1661399c52bbe7180c7e09c67b0.jpg,elephant,0.45
7ea6754d26489130e49cf7591ec83337c72eebd0.jpg,elephant,0.27
8212bc70bafc1e2c057132bb2d5c6be5d6ed86b7.jpg,elephant,0.41
8493fc7dfdaf06184b12338a8eb6765de0b6095c.jpg,elephant,0.32
849dc78eb7e3508d05934b45e72562a6ebd22908.jpg,elephant,0.41
849dc78eb7e3508d05934b45e72562a6ebd22908.jpg,elephant,0.42
85735ab3338d5cba2b17cbcb8f8929f8e8e7c62b.jpg,elephant,0.26
860137d1a772a0b2c90db58aa782c569751e5b7c.jpg,elephant,0.51
8724036dd530c62fada3ae64f05bd1dd499eaefd.jpg,elephant,0.27
8738b586f40e6cfa2cf140410c499f22ec877c78.jpg,elephant,0.47
884fa549d6eaaf243d9db96bca0382f9068af146.jpg,elephant,0.37
884fa549d6eaaf243d9db96bca0382f9068af146.jpg,elephant,0.39
884fa549d6eaaf243d9db96bca0382f9068af146.jpg,elephant,0.53
884fa549d6eaaf243d9db96bca0382f9068af146.jpg,elephant,0.56
884fa549d6eaaf243d9db96bca0382f9068af146.jpg,elephant,0.67
884fa549d6eaaf243d9db96bca0382f9068af146.jpg,elephant,0.75
8a85fae19c56008cd5f49b78ceaf364eef940274.jpg,elephant,0.50
8a85fae19c56008cd5f49b78ceaf364eef940274.jpg,elephant,0.60
8a85fae19c56008cd5f49b78ceaf364eef940274.jpg,elephant,0.66
8bb48f7f8ad9c79279525c5971eb3e61db40ba30.jpg,elephant,0.29
8bb48f7f8ad9c79279525c5971eb3e61db40ba30.jpg,elephant,0.37
8bb48f7f8ad9c79279525c5971eb3e61db40ba30.jpg,elephant,0.39
8bb48f7f8ad9c79279525c5971eb3e61db40ba30.jpg,elephant,0.43
8bb48f7f8ad9c79279525c5971eb3e61db40ba30.jpg,elephant,0.49
8bb48f7f8ad9c79279525c5971eb3e61db40ba30.jpg,elephant,0.50
8bb48f7f8ad9c79279525c5971eb3e61db40ba30.jpg,elephant,0.51
8bb48f7f8ad9c79279525c5971eb3e61db40ba30.jpg,elephant,0.51
8bb48f7f8ad9c79279525c5971eb3e61db40ba30.jpg,elephant,0.51
8bb48f7f8ad9c79279525c5971eb3e61db40ba30.jpg,elephant,0.53
8bb48f7f8ad9c79279525c5971eb3e61db40ba30.jpg,elephant,0.56
8bb48f7f8ad9c79279525c5971eb3e61db40ba30.jpg,elephant,0.56
8bb48f7f8ad9c79279525c5971eb3e61db40ba30.jpg,elephant,0.59
8bb48f7f8ad9c79279525c5971eb3e61db40ba30.jpg,elephant,0.60
8bb48f7f8ad9c79279525c5971eb3e61db40ba30.jpg,elephant,0.61
8bb48f7f8ad9c79279525c5971eb3e61db40ba30.jpg,elephant,0.61
8bb48f7f8ad9c79279525c5971eb3e61db40ba30.jpg,elephant,0.62
8bb48f7f8ad9c79279525c5971eb3e61db40ba30.jpg,elephant,0.63
8bb48f7f8ad9c79279525c5971eb3e61db40ba30.jpg,elephant,0.64
8bb48f7f8ad9c79279525c5971eb3e61db40ba30.jpg,elephant,0.64
8bb48f7f8ad9c79279525c5971eb3e61db40ba30.jpg,elephant,0.65
8bb48f7f8ad9c79279525c5971eb3e61db40ba30.jpg,elephant,0.67
8bb48f7f8ad9c79279525c5971eb3e61db40ba30.jpg,elephant,0.67
8bb48f7f8ad9c79279525c5971eb3e61db40ba30.jpg,elephant,0.68
8bb48f7f8ad9c79279525c5971eb3e61db40ba30.jpg,elephant,0.68
8bb48f7f8ad9c79279525c5971eb3e61db40ba30.jpg,elephant,0.69
8bb48f7f8ad9c79279525c5971eb3e61db40ba30.jpg,elephant,0.70
8bb48f7f8ad9c79279525c5971eb3e61db40ba30.jpg,elephant,0.70
8bb48f7f8ad9c79279525c5971eb3e61db40ba30.jpg,elephant,0.70
8bb48f7f8ad9c79279525c5971eb3e61db40ba30.jpg,elephant,0.72
8bb48f7f8ad9c79279525c5971eb3e61db40ba30.jpg,elephant,0.73
8bb48f7f8ad9c79279525c5971eb3e61db40ba30.jpg,elephant,0.73
8bb48f7f8ad9c79279525c5971eb3e61db40ba30.jpg,elephant,0.74
8bb48f7f8ad9c79279525c5971eb3e61db40ba30.jpg,elephant,0.75
8bb48f7f8ad9c79279525c5971eb3e61db40ba30.jpg,elephant,0.75
8bb48f7f8ad9c79279525c5971eb3e61db40ba30.jpg,elephant,0.76
8bb48f7f8ad9c79279525c5971eb3e61db40ba30.jpg,elephant,0.76
8bb48f7f8ad9c79279525c5971eb3e61db40ba30.jpg,elephant,0.79
8fa0c77f831031811ddd7be35aeb0ed4f8ca03fe.jpg,elephant,0.34
8fa0c77f831031811ddd7be35aeb0ed4f8ca03fe.jpg,elephant,0.35
8fa0c77f831031811ddd7be35aeb0ed4f8ca03fe.jpg,elephant,0.46
8fa0c77f831031811ddd7be35aeb0ed4f8ca03fe.jpg,elephant,0.49
8fa0c77f831031811ddd7be35aeb0ed4f8ca03fe.jpg,elephant,0.65
8fa80da2383749ec43e1db9ef130b4d0fe4b5278.jpg,elephant,0.65
8fba810181ebbfd0d6823e55075874a15e538269.jpg,elephant,0.27
8fba810181ebbfd0d6823e55075874a15e538269.jpg,elephant,0.36
911b69ed9845b9964e6f440e1f40ef0e45de346c.jpg,elephant,0.26
911b69ed9845b9964e6f440e1f40ef0e45de346c.jpg,elephant,0.49
911b69ed9845b9964e6f440e1f40ef0e45de346c.jpg,elephant,0.52
911b69ed9845b9964e6f440e1f40ef0e45de346c.jpg,elephant,0.57
911b69ed9845b9964e6f440e1f40ef0e45de346c.jpg,elephant,0.58
911b69ed9845b9964e6f440e1f40ef0e45de346c.jpg,elephant,0.59
91374f14c2bf49792b591c6aa0f8ad66b220bf16.jpg,elephant,0.39
91c2fb48b079531692cd7d891cacf7ba967c97da.jpg,elephant,0.43
91c2fb48b079531692cd7d891cacf7ba967c97da.jpg,elephant,0.46
91c2fb48b079531692cd7d891cacf7ba967c97da.jpg,elephant,0.55
94d6551e738bf3089c3777d340d6294465c21e0a.jpg,elephant,0.42
94ed7c657810d9b7a4f05c684004a94f15904739.jpg,elephant,0.38
9735faf55d19b4bd2ed8fcb223b37216fb4744a1.jpg,elephant,0.35
9735faf55d19b4bd2ed8fcb223b37216fb4744a1.jpg,elephant,0.40
9735faf55d19b4bd2ed8fcb223b37216fb4744a1.jpg,elephant,0.41
9735faf55d19b4bd2ed8fcb223b37216fb4744a1.jpg,elephant,0.49
9742ae2d8b56d7f25e0b4fe4355f963b62b3adbc.jpg,elephant,0.32
9742ae2d8b56d7f25e0b4fe4355f963b62b3adbc.jpg,elephant,0.38
98a46dcc4ff6827695ea094269c0a40996f763aa.jpg,elephant,0.27
99230f387ccc77426a0bda59897959ca0f0f834a.jpg,elephant,0.28
99230f387ccc77426a0bda59897959ca0f0f834a.jpg,elephant,0.51
9abbb90d346d5be5d29da4582c652206c0503b58.jpg,elephant,0.38
9b99f5a832f1eaefe24fe288b3488bed22c844ba.jpg,elephant,0.28
9d959ff9282a670c71b3fd98c730c80a8ae6971e.jpg,elephant,0.61
9e91fb71f72eb32e5b6bf40bf4a95d59120ee7a0.jpg,elephant,0.25
9f5efa36a283210285f1d79ef4964864bd251ca3.jpg,elephant,0.46
a0c9f4974bb06b2a2d6a1e2bfe696e76304e721b.jpg,elephant,0.44
a1a0c60c178eb4a51826ae523f5afa84907bc261.jpg,elephant,0.31
a1a0c60c178eb4a51826ae523f5afa84907bc261.jpg,elephant,0.31
a1a0c60c178eb4a51826ae523f5afa84907bc261.jpg,elephant,0.38
a1a0c60c178eb4a51826ae523f5afa84907bc261.jpg,elephant,0.65
a31b11a51370358d6c70c31ecc09fe8192e54ee5.jpg,elephant,0.35
a31b11a51370358d6c70c31ecc09fe8192e54ee5.jpg,elephant,0.60
a493550678f5bd0f1d056afb6daa827db21f06d5.jpg,elephant,0.33
a493550678f5bd0f1d056afb6daa827db21f06d5.jpg,elephant,0.37
a493550678f5bd0f1d056afb6daa827db21f06d5.jpg,elephant,0.37
a493550678f5bd0f1d056afb6daa827db21f06d5.jpg,elephant,0.37
a493550678f5bd0f1d056afb6daa827db21f06d5.jpg,elephant,0.41
a493550678f5bd0f1d056afb6daa827db21f06d5.jpg,elephant,0.45
a493550678f5bd0f1d056afb6daa827db21f06d5.jpg,elephant,0.47
a493550678f5bd0f1d056afb6daa827db21f06d5.jpg,elephant,0.51
a493550678f5bd0f1d056afb6daa827db21f06d5.jpg,elephant,0.52
a493550678f5bd0f1d056afb6daa827db21f06d5.jpg,elephant,0.55
a493550678f5bd0f1d056afb6daa827db21f06d5.jpg,elephant,0.57
a493550678f5bd0f1d056afb6daa827db21f06d5.jpg,elephant,0.59
a493550678f5bd0f1d056afb6daa827db21f06d5.jpg,elephant,0.60
a493550678f5bd0f1d056afb6daa827db21f06d5.jpg,elephant,0.60
a493550678f5bd0f1d056afb6daa827db21f06d5.jpg,elephant,0.66
a493550678f5bd0f1d056afb6daa827db21f06d5.jpg,elephant,0.69
a493550678f5bd0f1d056afb6daa827db21f06d5.jpg,elephant,0.70
a493550678f5bd0f1d056afb6daa827db21f06d5.jpg,elephant,0.79
a4c15e40ae5175789927b7d24c63f8bcc5cd16e2.jpg,elephant,0.32
a4c15e40ae5175789927b7d24c63f8bcc5cd16e2.jpg,elephant,0.44
a4c15e40ae5175789927b7d24c63f8bcc5cd16e2.jpg,elephant,0.70
a4c15e40ae5175789927b7d24c63f8bcc5cd16e2.jpg,elephant,0.70
a4c15e40ae5175789927b7d24c63f8bcc5cd16e2.jpg,elephant,0.74
a5ef4188d88b220c6a131ddd04c127b1dcb7055a.jpg,elephant,0.32
a6d5bd717d0ee30edd2dea789b315875568dc6bc.jpg,elephant,0.33
a6d5bd717d0ee30edd2dea789b315875568dc6bc.jpg,elephant,0.38
a6f1abcf72c2927d7c1e769c2a16662680fbb222.jpg,elephant,0.25
a6f1abcf72c2927d7c1e769c2a16662680fbb222.jpg,elephant,0.32
a6f1abcf72c2927d7c1e769c2a16662680fbb222.jpg,elephant,0.32
a6f1abcf72c2927d7c1e769c2a16662680fbb222.jpg,elephant,0.35
a6f1abcf72c2927d7c1e769c2a16662680fbb222.jpg,elephant,0.38
a6f1abcf72c2927d7c1e769c2a16662680fbb222.jpg,elephant,0.45
a6f1abcf72c2927d7c1e769c2a16662680fbb222.jpg,elephant,0.51
a6f1abcf72c2927d7c1e769c2a16662680fbb222.jpg,elephant,0.54
a71e4b54e082b63a41c7f0318c6ae4ca0a62b504.jpg,elephant,0.25
a71e4b54e082b63a41c7f0318c6ae4ca0a62b504.jpg,elephant,0.28
a71e4b54e082b63a41c7f0318c6ae4ca0a62b504.jpg,elephant,0.28
a71e4b54e082b63a41c7f0318c6ae4ca0a62b504.jpg,elephant,0.29
a71e4b54e082b63a41c7f0318c6ae4ca0a62b504.jpg,elephant,0.29
a71e4b54e082b63a41c7f0318c6ae4ca0a62b504.jpg,elephant,0.31
a71e4b54e082b63a41c7f0318c6ae4ca0a62b504.jpg,elephant,0.36
a71e4b54e082b63a41c7f0318c6ae4ca0a62b504.jpg,elephant,0.39
a76fafca6347f844e6e5621481ec5b5731177f25.jpg,elephant,0.28
a76fafca6347f844e6e5621481ec5b5731177f25.jpg,elephant,0.29
a76fafca6347f844e6e5621481ec5b5731177f25.jpg,elephant,0.32
a76fafca6347f844e6e5621481ec5b5731177f25.jpg,elephant,0.33
a76fafca6347f844e6e5621481ec5b5731177f25.jpg,elephant,0.36
a76fafca6347f844e6e5621481ec5b5731177f25.jpg,elephant,0.44
a78e42506357f84a8ca8ce3da9a0e834efead469.jpg,elephant,0.25
a78e42506357f84a8ca8ce3da9a0e834efead469.jpg,elephant,0.27
a78e42506357f84a8ca8ce3da9a0e834efead469.jpg,elephant,0.29
a78e42506357f84a8ca8ce3da9a0e834efead469.jpg,elephant,0.34
a78e42506357f84a8ca8ce3da9a0e834efead469.jpg,elephant,0.59
a78e42506357f84a8ca8ce3da9a0e834efead469.jpg,elephant,0.66
a78e42506357f84a8ca8ce3da9a0e834efead469.jpg,elephant,0.68
a78e42506357f84a8ca8ce3da9a0e834efead469.jpg,elephant,0.70
a78e42506357f84a8ca8ce3da9a0e834efead469.jpg,elephant,0.74
a7aa03718867120bc2b03b6abd3a63f5bd1a50eb.jpg,elephant,0.43
a7aa03718867120bc2b03b6abd3a63f5bd1a50eb.jpg,elephant,0.51
a7aa03718867120bc2b03b6abd3a63f5bd1a50eb.jpg,elephant,0.59
a9b45dbda3c8195a8f847f1d6cc85502ce610654.jpg,elephant,0.27
a9b45dbda3c8195a8f847f1d6cc85502ce610654.jpg,elephant,0.36
a9b45dbda3c8195a8f847f1d6cc85502ce610654.jpg,elephant,0.48
aacd47981963468c3926ed0284b085ae77f5956c.jpg,elephant,0.28
aacd47981963468c3926ed0284b085ae77f5956c.jpg,elephant,0.30
aacd47981963468c3926ed0284b085ae77f5956c.jpg,elephant,0.30
aacd47981963468c3926ed0284b085ae77f5956c.jpg,elephant,0.31
aacd47981963468c3926ed0284b085ae77f5956c.jpg,elephant,0.33
aacd47981963468c3926ed0284b085ae77f5956c.jpg,elephant,0.36
aacd47981963468c3926ed0284b085ae77f5956c.jpg,elephant,0.36
aacd47981963468c3926ed0284b085ae77f5956c.jpg,elephant,0.41
aacd47981963468c3926ed0284b085ae77f5956c.jpg,elephant,0.49
aacd47981963468c3926ed0284b085ae77f5956c.jpg,elephant,0.51
aacd47981963468c3926ed0284b085ae77f5956c.jpg,elephant,0.56
aacd47981963468c3926ed0284b085ae77f5956c.jpg,elephant,0.58
aacd47981963468c3926ed0284b085ae77f5956c.jpg,elephant,0.63
ab0a49ec09f55aa06b84232f4ec77bd9eb5d3562.jpg,elephant,0.36
aba3c62d0fb9ed329c3f0713034e289ff1646e66.jpg,elephant,0.44
abb028f7f4a8422d54923485f38997d6e4376550.jpg,elephant,0.64
ac3be2f1488965ee65fb62d7b45ff29d21d71ed0.jpg,elephant,0.31
ac3be2f1488965ee65fb62d7b45ff29d21d71ed0.jpg,elephant,0.59
ac3be2f1488965ee65fb62d7b45ff29d21d71ed0.jpg,elephant,0.60
ad6b86b7cc7ed8f0339d01087f4603587c2532c9.jpg,elephant,0.54
ad6b86b7cc7ed8f0339d01087f4603587c2532c9.jpg,elephant,0.68
ada533293ca44009d2f6de2f0484748582624c5f.jpg,elephant,0.26
ada533293ca44009d2f6de2f0484748582624c5f.jpg,elephant,0.29
ada533293ca44009d2f6de2f0484748582624c5f.jpg,elephant,0.44
af8c1cb7410ba11b2693a1a38ab41b89de2ab998.jpg,elephant,0.42
afd4f369fc6c24351e70ead5783fe9da4f37b5f9.jpg,elephant,0.74
b52d350eefe67509fc15923e71e3d7f7f9c6704c.jpg,elephant,0.38
b52d350eefe67509fc15923e71e3d7f7f9c6704c.jpg,elephant,0.45
b52d350eefe67509fc15923e71e3d7f7f9c6704c.jpg,elephant,0.46
b52d350eefe67509fc15923e71e3d7f7f9c6704c.jpg,elephant,0.52
b52d350eefe67509fc15923e71e3d7f7f9c6704c.jpg,elephant,0.56
b52d350eefe67509fc15923e71e3d7f7f9c6704c.jpg,elephant,0.57
b57b81bc50f239b8f0ef05ba584b36b693a939dd.jpg,elephant,0.31
b57b81bc50f239b8f0ef05ba584b36b693a939dd.jpg,elephant,0.31
b74f4beee25872661c605ebd758cec620f8ec252.jpg,elephant,0.26
b74f4beee25872661c605ebd758cec620f8ec252.jpg,elephant,0.26
b8d141223055dc3f2d9c897017d4cc3950d65780.jpg,elephant,0.30
b96198358030fc45f3f332fff2d53da616a1753a.jpg,elephant,0.39
bcbfbf7a0a431e2a53b560da4e9a715edbb85948.jpg,elephant,0.48
bcbfbf7a0a431e2a53b560da4e9a715edbb85948.jpg,elephant,0.61
bcbfbf7a0a431e2a53b560da4e9a715edbb85948.jpg,elephant,0.75
bd5639ec8d4034222f4c47cbfb4ca9115b603b92.jpg,elephant,0.47
bd5639ec8d4034222f4c47cbfb4ca9115b603b92.jpg,elephant,0.74
be180cd7094b87e0cbf0e8162f14b9927a79d8a3.jpg,elephant,0.71
bec47f79a722723a7b2f1e19d337fabd0d6abedc.jpg,elephant,0.29
bec47f79a722723a7b2f1e19d337fabd0d6abedc.jpg,elephant,0.53
bec47f79a722723a7b2f1e19d337fabd0d6abedc.jpg,elephant,0.58
bec47f79a722723a7b2f1e19d337fabd0d6abedc.jpg,elephant,0.59
bec47f79a722723a7b2f1e19d337fabd0d6abedc.jpg,elephant,0.59
bec47f79a722723a7b2f1e19d337fabd0d6abedc.jpg,elephant,0.60
bf7d61504fe46e3be7caad57dc7ed4fa8cc5d7cf.jpg,elephant,0.26
bf7d61504fe46e3be7caad57dc7ed4fa8cc5d7cf.jpg,elephant,0.28
bf7d61504fe46e3be7caad57dc7ed4fa8cc5d7cf.jpg,elephant,0.41
bf7d61504fe46e3be7caad57dc7ed4fa8cc5d7cf.jpg,elephant,0.48
bf7d61504fe46e3be7caad57dc7ed4fa8cc5d7cf.jpg,elephant,0.49
bf7d61504fe46e3be7caad57dc7ed4fa8cc5d7cf.jpg,elephant,0.49
bf7d61504fe46e3be7caad57dc7ed4fa8cc5d7cf.jpg,elephant,0.49
bf7d61504fe46e3be7caad57dc7ed4fa8cc5d7cf.jpg,elephant,0.50
bf7d61504fe46e3be7caad57dc7ed4fa8cc5d7cf.jpg,elephant,0.54
bf7d61504fe46e3be7caad57dc7ed4fa8cc5d7cf.jpg,elephant,0.57
bf7d61504fe46e3be7caad57dc7ed4fa8cc5d7cf.jpg,elephant,0.60
bf7d61504fe46e3be7caad57dc7ed4fa8cc5d7cf.jpg,elephant,0.66
bf7d61504fe46e3be7caad57dc7ed4fa8cc5d7cf.jpg,elephant,0.71
c0ede580a91d396846f2777cd026e773b8d38282.jpg,elephant,0.48
c0ede580a91d396846f2777cd026e773b8d38282.jpg,elephant,0.52
c19475cf6c1c680b8724cdb8a5787311008174d8.jpg,elephant,0.27
c19475cf6c1c680b8724cdb8a5787311008174d8.jpg,elephant,0.47
c2e7ab076c4e521d52812696d932d7792f761be8.jpg,elephant,0.27
c2e7ab076c4e521d52812696d932d7792f761be8.jpg,elephant,0.35
c2e7ab076c4e521d52812696d932d7792f761be8.jpg,elephant,0.35
c2e7ab076c4e521d52812696d932d7792f761be8.jpg,elephant,0.38
c2e7ab076c4e521d52812696d932d7792f761be8.jpg,elephant,0.45
c2e7ab076c4e521d52812696d932d7792f761be8.jpg,elephant,0.48
c2e7ab076c4e521d52812696d932d7792f761be8.jpg,elephant,0.49
c2e7ab076c4e521d52812696d932d7792f761be8.jpg,elephant,0.51
c2e7ab076c4e521d52812696d932d7792f761be8.jpg,elephant,0.52
c2e7ab076c4e521d52812696d932d7792f761be8.jpg,elephant,0.53
c2e7ab076c4e521d52812696d932d7792f761be8.jpg,elephant,0.57
c2e7ab076c4e521d52812696d932d7792f761be8.jpg,elephant,0.58
c2e7ab076c4e521d52812696d932d7792f761be8.jpg,elephant,0.59
c2e7ab076c4e521d52812696d932d7792f761be8.jpg,elephant,0.60
c2e7ab076c4e521d52812696d932d7792f761be8.jpg,elephant,0.65
c2e7ab076c4e521d52812696d932d7792f761be8.jpg,elephant,0.67
c2e7ab076c4e521d52812696d932d7792f761be8.jpg,elephant,0.68
c2e7ab076c4e521d52812696d932d7792f761be8.jpg,elephant,0.68
c2e7ab076c4e521d52812696d932d7792f761be8.jpg,elephant,0.75
c2e7ab076c4e521d52812696d932d7792f761be8.jpg,elephant,0.82
c3ce6477142699ad41ee395fc21a49763b07661a.jpg,elephant,0.42
c3de509bf2d5ae1f2cca463f29ec3b63a4b673de.jpg,elephant,0.25
c3de509bf2d5ae1f2cca463f29ec3b63a4b673de.jpg,elephant,0.33
c43d6fe6316ba174bf54596db7d894856264a71b.jpg,elephant,0.30
c572a4ea5d9f51c28559f68c1c6a3c6eff453faa.jpg,elephant,0.25
c572a4ea5d9f51c28559f68c1c6a3c6eff453faa.jpg,elephant,0.34
c572a4ea5d9f51c28559f68c1c6a3c6eff453faa.jpg,elephant,0.36
c572a4ea5d9f51c28559f68c1c6a3c6eff453faa.jpg,elephant,0.46
c572a4ea5d9f51c28559f68c1c6a3c6eff453faa.jpg,elephant,0.52
c572a4ea5d9f51c28559f68c1c6a3c6eff453faa.jpg,elephant,0.53
c572a4ea5d9f51c28559f68c1c6a3c6eff453faa.jpg,elephant,0.55
c572a4ea5d9f51c28559f68c1c6a3c6eff453faa.jpg,elephant,0.56
c572a4ea5d9f51c28559f68c1c6a3c6eff453faa.jpg,elephant,0.59
c572a4ea5d9f51c28559f68c1c6a3c6eff453faa.jpg,elephant,0.64
c572a4ea5d9f51c28559f68c1c6a3c6eff453faa.jpg,elephant,0.65
c572a4ea5d9f51c28559f68c1c6a3c6eff453faa.jpg,elephant,0.68
c572a4ea5d9f51c28559f68c1c6a3c6eff453faa.jpg,elephant,0.69
c572a4ea5d9f51c28559f68c1c6a3c6eff453faa.jpg,elephant,0.71
c572a4ea5d9f51c28559f68c1c6a3c6eff453faa.jpg,elephant,0.71
c8f33a304bd04467f40271ca2cf1bf011128f196.jpg,elephant,0.49
c9f13158f0a5c7c5551a154be0f9fc9ba8d64fb6.jpg,elephant,0.27
c9f13158f0a5c7c5551a154be0f9fc9ba8d64fb6.jpg,elephant,0.29
c9f13158f0a5c7c5551a154be0f9fc9ba8d64fb6.jpg,elephant,0.31
c9f13158f0a5c7c5551a154be0f9fc9ba8d64fb6.jpg,elephant,0.31
c9f13158f0a5c7c5551a154be0f9fc9ba8d64fb6.jpg,elephant,0.32
c9f13158f0a5c7c5551a154be0f9fc9ba8d64fb6.jpg,elephant,0.36
c9f13158f0a5c7c5551a154be0f9fc9ba8d64fb6.jpg,elephant,0.40
c9f13158f0a5c7c5551a154be0f9fc9ba8d64fb6.jpg,elephant,0.41
c9f13158f0a5c7c5551a154be0f9fc9ba8d64fb6.jpg,elephant,0.45
c9f13158f0a5c7c5551a154be0f9fc9ba8d64fb6.jpg,elephant,0.47
c9f13158f0a5c7c5551a154be0f9fc9ba8d64fb6.jpg,elephant,0.48
c9f13158f0a5c7c5551a154be0f9fc9ba8d64fb6.jpg,elephant,0.52
c9f13158f0a5c7c5551a154be0f9fc9ba8d64fb6.jpg,elephant,0.53
c9f13158f0a5c7c5551a154be0f9fc9ba8d64fb6.jpg,elephant,0.55
c9f13158f0a5c7c5551a154be0f9fc9ba8d64fb6.jpg,elephant,0.55
c9f13158f0a5c7c5551a154be0f9fc9ba8d64fb6.jpg,elephant,0.57
c9f13158f0a5c7c5551a154be0f9fc9ba8d64fb6.jpg,elephant,0.59
c9f13158f0a5c7c5551a154be0f9fc9ba8d64fb6.jpg,elephant,0.60
c9f13158f0a5c7c5551a154be0f9fc9ba8d64fb6.jpg,elephant,0.64
c9f13158f0a5c7c5551a154be0f9fc9ba8d64fb6.jpg,elephant,0.66
c9f13158f0a5c7c5551a154be0f9fc9ba8d64fb6.jpg,elephant,0.67
c9f13158f0a5c7c5551a154be0f9fc9ba8d64fb6.jpg,elephant,0.67
c9f13158f0a5c7c5551a154be0f9fc9ba8d64fb6.jpg,elephant,0.69
c9f13158f0a5c7c5551a154be0f9fc9ba8d64fb6.jpg,elephant,0.69
c9f13158f0a5c7c5551a154be0f9fc9ba8d64fb6.jpg,elephant,0.70
c9f13158f0a5c7c5551a154be0f9fc9ba8d64fb6.jpg,elephant,0.70
c9f13158f0a5c7c5551a154be0f9fc9ba8d64fb6.jpg,elephant,0.71
c9f13158f0a5c7c5551a154be0f9fc9ba8d64fb6.jpg,elephant,0.72
c9f13158f0a5c7c5551a154be0f9fc9ba8d64fb6.jpg,elephant,0.75
cd0f79460ade4e851ad1c074061b1767c4eea47b.jpg,elephant,0.49
cd0f79460ade4e851ad1c074061b1767c4eea47b.jpg,elephant,0.57
cd4176f298b493e8b9f29fa3d46747b835c6ab10.jpg,elephant,0.27
cd4176f298b493e8b9f29fa3d46747b835c6ab10.jpg,elephant,0.27
cd4176f298b493e8b9f29fa3d46747b835c6ab10.jpg,elephant,0.31
cd4176f298b493e8b9f29fa3d46747b835c6ab10.jpg,elephant,0.31
cd4176f298b493e8b9f29fa3d46747b835c6ab10.jpg,elephant,0.38
cd4176f298b493e8b9f29fa3d46747b835c6ab10.jpg,elephant,0.39
cd4176f298b493e8b9f29fa3d46747b835c6ab10.jpg,elephant,0.44
cd4176f298b493e8b9f29fa3d46747b835c6ab10.jpg,elephant,0.51
cd4176f298b493e8b9f29fa3d46747b835c6ab10.jpg,elephant,0.56
cd4176f298b493e8b9f29fa3d46747b835c6ab10.jpg,elephant,0.57
cd4176f298b493e8b9f29fa3d46747b835c6ab10.jpg,elephant,0.59
cd53aa34569c9466adfe4e12840d5b62b9a923bc.jpg,elephant,0.32
cd53aa34569c9466adfe4e12840d5b62b9a923bc.jpg,elephant,0.44
cd53aa34569c9466adfe4e12840d5b62b9a923bc.jpg,elephant,0.46
cd59401d5dd0d0ba52fea0fad264d82fc3e637b7.jpg,elephant,0.38
cde788ac172192a53e1e8d2294285419419c8744.jpg,elephant,0.33
cde788ac172192a53e1e8d2294285419419c8744.jpg,elephant,0.34
cde788ac172192a53e1e8d2294285419419c8744.jpg,elephant,0.34
cde788ac172192a53e1e8d2294285419419c8744.jpg,elephant,0.47
cde788ac172192a53e1e8d2294285419419c8744.jpg,elephant,0.48
cde788ac172192a53e1e8d2294285419419c8744.jpg,elephant,0.52
cde788ac172192a53e1e8d2294285419419c8744.jpg,elephant,0.55
cde788ac172192a53e1e8d2294285419419c8744.jpg,elephant,0.58
cde788ac172192a53e1e8d2294285419419c8744.jpg,elephant,0.58
cde788ac172192a53e1e8d2294285419419c8744.jpg,elephant,0.61
cec9bf2474bf868f220ba79cbdc86838c962a1fb.jpg,elephant,0.61
cec9bf2474bf868f220ba79cbdc86838c962a1fb.jpg,elephant,0.69
cec9bf2474bf868f220ba79cbdc86838c962a1fb.jpg,elephant,0.72
d07782745d319ce87949333a8cb8fe54cf857b54.jpg,elephant,0.30
d07782745d319ce87949333a8cb8fe54cf857b54.jpg,elephant,0.45
d0b2fe51098767a292b638261ed0e5566a6ded3c.jpg,elephant,0.30
d0b2fe51098767a292b638261ed0e5566a6ded3c.jpg,elephant,0.41
d0b2fe51098767a292b638261ed0e5566a6ded3c.jpg,elephant,0.57
d0b2fe51098767a292b638261ed0e5566a6ded3c.jpg,elephant,0.60
d0b2fe51098767a292b638261ed0e5566a6ded3c.jpg,elephant,0.64
d160905e5270e8aacde05e97a89d482c0f718b76.jpg,elephant,0.64
d21b197d5c59d5ecfca6052cef5adc481405d478.jpg,elephant,0.26
d21b197d5c59d5ecfca6052cef5adc481405d478.jpg,elephant,0.32
d21b197d5c59d5ecfca6052cef5adc481405d478.jpg,elephant,0.35
d21b197d5c59d5ecfca6052cef5adc481405d478.jpg,elephant,0.61
d21b197d5c59d5ecfca6052cef5adc481405d478.jpg,elephant,0.65
d21b197d5c59d5ecfca6052cef5adc481405d478.jpg,elephant,0.67
d21b197d5c59d5ecfca6052cef5adc481405d478.jpg,elephant,0.68
d21b197d5c59d5ecfca6052cef5adc481405d478.jpg,elephant,0.72
d3beba533896d1f321403576fa2b95e162347286.jpg,elephant,0.28
d3beba533896d1f321403576fa2b95e162347286.jpg,elephant,0.34
d3beba533896d1f321403576fa2b95e162347286.jpg,elephant,0.37
d3beba533896d1f321403576fa2b95e162347286.jpg,elephant,0.50
d3beba533896d1f321403576fa2b95e162347286.jpg,elephant,0.50
d3beba533896d1f321403576fa2b95e162347286.jpg,elephant,0.52
d4672e8bc0fa90946212bd8cb4df27cc657d966d.jpg,elephant,0.39
d4672e8bc0fa90946212bd8cb4df27cc657d966d.jpg,elephant,0.62
d5a2791bab28eba06a9e47c15b552a8e35adcd06.jpg,elephant,0.65
d5c179230ff377f129d84b56ccc814c83a013629.jpg,elephant,0.30
d5c179230ff377f129d84b56ccc814c83a013629.jpg,elephant,0.36
d5c179230ff377f129d84b56ccc814c83a013629.jpg,elephant,0.47
d60fbe55e80d2bea5e6928663d0371a9a6bcf6c7.jpg,elephant,0.26
d60fbe55e80d2bea5e6928663d0371a9a6bcf6c7.jpg,elephant,0.27
d60fbe55e80d2bea5e6928663d0371a9a6bcf6c7.jpg,elephant,0.28
d60fbe55e80d2bea5e6928663d0371a9a6bcf6c7.jpg,elephant,0.31
d60fbe55e80d2bea5e6928663d0371a9a6bcf6c7.jpg,elephant,0.32
d60fbe55e80d2bea5e6928663d0371a9a6bcf6c7.jpg,elephant,0.34
d60fbe55e80d2bea5e6928663d0371a9a6bcf6c7.jpg,elephant,0.34
d60fbe55e80d2bea5e6928663d0371a9a6bcf6c7.jpg,elephant,0.36
d60fbe55e80d2bea5e6928663d0371a9a6bcf6c7.jpg,elephant,0.36
d60fbe55e80d2bea5e6928663d0371a9a6bcf6c7.jpg,elephant,0.37
d60fbe55e80d2bea5e6928663d0371a9a6bcf6c7.jpg,elephant,0.37
d60fbe55e80d2bea5e6928663d0371a9a6bcf6c7.jpg,elephant,0.38
d60fbe55e80d2bea5e6928663d0371a9a6bcf6c7.jpg,elephant,0.42
d60fbe55e80d2bea5e6928663d0371a9a6bcf6c7.jpg,elephant,0.46
d60fbe55e80d2bea5e6928663d0371a9a6bcf6c7.jpg,elephant,0.48
d60fbe55e80d2bea5e6928663d0371a9a6bcf6c7.jpg,elephant,0.48
d60fbe55e80d2bea5e6928663d0371a9a6bcf6c7.jpg,elephant,0.52
d60fbe55e80d2bea5e6928663d0371a9a6bcf6c7.jpg,elephant,0.53
d60fbe55e80d2bea5e6928663d0371a9a6bcf6c7.jpg,elephant,0.53
d60fbe55e80d2bea5e6928663d0371a9a6bcf6c7.jpg,elephant,0.55
d60fbe55e80d2bea5e6928663d0371a9a6bcf6c7.jpg,elephant,0.55
d60fbe55e80d2bea5e6928663d0371a9a6bcf6c7.jpg,elephant,0.57
d60fbe55e80d2bea5e6928663d0371a9a6bcf6c7.jpg,elephant,0.57
d60fbe55e80d2bea5e6928663d0371a9a6bcf6c7.jpg,elephant,0.60
d60fbe55e80d2bea5e6928663d0371a9a6bcf6c7.jpg,elephant,0.62
d60fbe55e80d2bea5e6928663d0371a9a6bcf6c7.jpg,elephant,0.62
d60fbe55e80d2bea5e6928663d0371a9a6bcf6c7.jpg,elephant,0.63
d60fbe55e80d2bea5e6928663d0371a9a6bcf6c7.jpg,elephant,0.63
d60fbe55e80d2bea5e6928663d0371a9a6bcf6c7.jpg,elephant,0.63
d60fbe55e80d2bea5e6928663d0371a9a6bcf6c7.jpg,elephant,0.66
d60fbe55e80d2bea5e6928663d0371a9a6bcf6c7.jpg,elephant,0.68
d60fbe55e80d2bea5e6928663d0371a9a6bcf6c7.jpg,elephant,0.69
d60fbe55e80d2bea5e6928663d0371a9a6bcf6c7.jpg,elephant,0.70
d60fbe55e80d2bea5e6928663d0371a9a6bcf6c7.jpg,elephant,0.71
d60fbe55e80d2bea5e6928663d0371a9a6bcf6c7.jpg,elephant,0.72
d60fbe55e80d2bea5e6928663d0371a9a6bcf6c7.jpg,elephant,0.73
d60fbe55e80d2bea5e6928663d0371a9a6bcf6c7.jpg,elephant,0.77
d71e97e4adac245d6be55e0143b9124a8cb2adc9.jpg,elephant,0.28
d71e97e4adac245d6be55e0143b9124a8cb2adc9.jpg,elephant,0.66
d78e7af7cf4a4cd43c8f77e6f3ddd439cdaff999.jpg,elephant,0.34
d78e7af7cf4a4cd43c8f77e6f3ddd439cdaff999.jpg,elephant,0.51
d78e7af7cf4a4cd43c8f77e6f3ddd439cdaff999.jpg,elephant,0.51
dd782cb234d90d43394a6ef954ef64451a4d3c8e.jpg,elephant,0.31
dd782cb234d90d43394a6ef954ef64451a4d3c8e.jpg,elephant,0.44
e0432e6255eea791f350e4fdba70741d5626d1f2.jpg,elephant,0.57
e1185e4dc1ff2276db8657cb9e20e7ebc3be6f4a.jpg,elephant,0.26
e21794b4189900d0dd8bed07a92a8fc408ddffdb.jpg,elephant,0.33
e21794b4189900d0dd8bed07a92a8fc408ddffdb.jpg,elephant,0.41
e21794b4189900d0dd8bed07a92a8fc408ddffdb.jpg,elephant,0.58
e21794b4189900d0dd8bed07a92a8fc408ddffdb.jpg,elephant,0.61
e45281a1244746ddc80fba57edf995fe8a219591.jpg,elephant,0.33
e45281a1244746ddc80fba57edf995fe8a219591.jpg,elephant,0.36
e45281a1244746ddc80fba57edf995fe8a219591.jpg,elephant,0.36
e45281a1244746ddc80fba57edf995fe8a219591.jpg,elephant,0.41
e45281a1244746ddc80fba57edf995fe8a219591.jpg,elephant,0.41
e45281a1244746ddc80fba57edf995fe8a219591.jpg,elephant,0.43
e45281a1244746ddc80fba57edf995fe8a219591.jpg,elephant,0.43
e45281a1244746ddc80fba57edf995fe8a219591.jpg,elephant,0.62
e58655f67405320708731509b8b012bdb7dacc83.jpg,elephant,0.75
e90bcd265b2b4a578d7313f380d4b84b51245b89.jpg,elephant,0.28
e90bcd265b2b4a578d7313f380d4b84b51245b89.jpg,elephant,0.30
e90bcd265b2b4a578d7313f380d4b84b51245b89.jpg,elephant,0.47
e90bcd265b2b4a578d7313f380d4b84b51245b89.jpg,elephant,0.58
e90f6af15f04bd8446a5b282a538e0cfe1882971.jpg,elephant,0.26
e945f039dbece239d8d63bc297fc3d2b86d6964f.jpg,elephant,0.33
e976f60aa6abfeaa186f37631a34b610f52bb562.jpg,elephant,0.26
e976f60aa6abfeaa186f37631a34b610f52bb562.jpg,elephant,0.27
e976f60aa6abfeaa186f37631a34b610f52bb562.jpg,elephant,0.30
e976f60aa6abfeaa186f37631a34b610f52bb562.jpg,elephant,0.33
e976f60aa6abfeaa186f37631a34b610f52bb562.jpg,elephant,0.35
e976f60aa6abfeaa186f37631a34b610f52bb562.jpg,elephant,0.37
ebafa759baa56feb4dcfecc1bf17d600c0353ecf.jpg,elephant,0.29
ebafa759baa56feb4dcfecc1bf17d600c0353ecf.jpg,elephant,0.38
ebafa759baa56feb4dcfecc1bf17d600c0353ecf.jpg,elephant,0.46
ebafa759baa56feb4dcfecc1bf17d600c0353ecf.jpg,elephant,0.53
ebafa759baa56feb4dcfecc1bf17d600c0353ecf.jpg,elephant,0.53
ebafa759baa56feb4dcfecc1bf17d600c0353ecf.jpg,elephant,0.60
ec186449c3feb4f78981100589eddc07e1c8c25f.jpg,elephant,0.41
ec35114592a6d868bcbe6940ca495f9bdb7144a1.jpg,elephant,0.25
ec35114592a6d868bcbe6940ca495f9bdb7144a1.jpg,elephant,0.26
ec35114592a6d868bcbe6940ca495f9bdb7144a1.jpg,elephant,0.26
ec35114592a6d868bcbe6940ca495f9bdb7144a1.jpg,elephant,0.27
ec35114592a6d868bcbe6940ca495f9bdb7144a1.jpg,elephant,0.27
ec35114592a6d868bcbe6940ca495f9bdb7144a1.jpg,elephant,0.41
ec35114592a6d868bcbe6940ca495f9bdb7144a1.jpg,elephant,0.41
ec35114592a6d868bcbe6940ca495f9bdb7144a1.jpg,elephant,0.42
ec35114592a6d868bcbe6940ca495f9bdb7144a1.jpg,elephant,0.45
ec35114592a6d868bcbe6940ca495f9bdb7144a1.jpg,elephant,0.47
ec35114592a6d868bcbe6940ca495f9bdb7144a1.jpg,elephant,0.52
ec35114592a6d868bcbe6940ca495f9bdb7144a1.jpg,elephant,0.53
ec35114592a6d868bcbe6940ca495f9bdb7144a1.jpg,elephant,0.55
ec35114592a6d868bcbe6940ca495f9bdb7144a1.jpg,elephant,0.57
ec35114592a6d868bcbe6940ca495f9bdb7144a1.jpg,elephant,0.58
ec35114592a6d868bcbe6940ca495f9bdb7144a1.jpg,elephant,0.62
ec35114592a6d868bcbe6940ca495f9bdb7144a1.jpg,elephant,0.62
ec35114592a6d868bcbe6940ca495f9bdb7144a1.jpg,elephant,0.65
ec35114592a6d868bcbe6940ca495f9bdb7144a1.jpg,elephant,0.69
ec35114592a6d868bcbe6940ca495f9bdb7144a1.jpg,elephant,0.70
ec35114592a6d868bcbe6940ca495f9bdb7144a1.jpg,elephant,0.75
eda5ce1c0338546ceb7e17de77e66219da7b3b44.jpg,elephant,0.25
eda5ce1c0338546ceb7e17de77e66219da7b3b44.jpg,elephant,0.26
eda5ce1c0338546ceb7e17de77e66219da7b3b44.jpg,elephant,0.26
eda5ce1c0338546ceb7e17de77e66219da7b3b44.jpg,elephant,0.26
eda5ce1c0338546ceb7e17de77e66219da7b3b44.jpg,elephant,0.26
eda5ce1c0338546ceb7e17de77e66219da7b3b44.jpg,elephant,0.27
eda5ce1c0338546ceb7e17de77e66219da7b3b44.jpg,elephant,0.27
eda5ce1c0338546ceb7e17de77e66219da7b3b44.jpg,elephant,0.27
eda5ce1c0338546ceb7e17de77e66219da7b3b44.jpg,elephant,0.30
eda5ce1c0338546ceb7e17de77e66219da7b3b44.jpg,elephant,0.30
eda5ce1c0338546ceb7e17de77e66219da7b3b44.jpg,elephant,0.30
eda5ce1c0338546ceb7e17de77e66219da7b3b44.jpg,elephant,0.31
eda5ce1c0338546ceb7e17de77e66219da7b3b44.jpg,elephant,0.32
eda5ce1c0338546ceb7e17de77e66219da7b3b44.jpg,elephant,0.32
eda5ce1c0338546ceb7e17de77e66219da7b3b44.jpg,elephant,0.33
eda5ce1c0338546ceb7e17de77e66219da7b3b44.jpg,elephant,0.34
eda5ce1c0338546ceb7e17de77e66219da7b3b44.jpg,elephant,0.34
eda5ce1c0338546ceb7e17de77e66219da7b3b44.jpg,elephant,0.34
eda5ce1c0338546ceb7e17de77e66219da7b3b44.jpg,elephant,0.36
eda5ce1c0338546ceb7e17de77e66219da7b3b44.jpg,elephant,0.37
eda5ce1c0338546ceb7e17de77e66219da7b3b44.jpg,elephant,0.39
eda5ce1c0338546ceb7e17de77e66219da7b3b44.jpg,elephant,0.39
eda5ce1c0338546ceb7e17de77e66219da7b3b44.jpg,elephant,0.40
eda5ce1c0338546ceb7e17de77e66219da7b3b44.jpg,elephant,0.41
eda5ce1c0338546ceb7e17de77e66219da7b3b44.jpg,elephant,0.41
eda5ce1c0338546ceb7e17de77e66219da7b3b44.jpg,elephant,0.43
eda5ce1c0338546ceb7e17de77e66219da7b3b44.jpg,elephant,0.45
eda5ce1c0338546ceb7e17de77e66219da7b3b44.jpg,elephant,0.46
eda5ce1c0338546ceb7e17de77e66219da7b3b44.jpg,elephant,0.46
eda5ce1c0338546ceb7e17de77e66219da7b3b44.jpg,elephant,0.47
eda5ce1c0338546ceb7e17de77e66219da7b3b44.jpg,elephant,0.50
eda5ce1c0338546ceb7e17de77e66219da7b3b44.jpg,elephant,0.52
eda5ce1c0338546ceb7e17de77e66219da7b3b44.jpg,elephant,0.53
eda5ce1c0338546ceb7e17de77e66219da7b3b44.jpg,elephant,0.53
eda5ce1c0338546ceb7e17de77e66219da7b3b44.jpg,elephant,0.54
eda5ce1c0338546ceb7e17de77e66219da7b3b44.jpg,elephant,0.56
eda5ce1c0338546ceb7e17de77e66219da7b3b44.jpg,elephant,0.58
eda5ce1c0338546ceb7e17de77e66219da7b3b44.jpg,elephant,0.61
eda5ce1c0338546ceb7e17de77e66219da7b3b44.jpg,elephant,0.61
eda5ce1c0338546ceb7e17de77e66219da7b3b44.jpg,elephant,0.62
eda5ce1c0338546ceb7e17de77e66219da7b3b44.jpg,elephant,0.63
eda5ce1c0338546ceb7e17de77e66219da7b3b44.jpg,elephant,0.63
eda5ce1c0338546ceb7e17de77e66219da7b3b44.jpg,elephant,0.64
eda5ce1c0338546ceb7e17de77e66219da7b3b44.jpg,elephant,0.65
eda5ce1c0338546ceb7e17de77e66219da7b3b44.jpg,elephant,0.67
eda5ce1c0338546ceb7e17de77e66219da7b3b44.jpg,elephant,0.67
eda5ce1c0338546ceb7e17de77e66219da7b3b44.jpg,elephant,0.68
eda5ce1c0338546ceb7e17de77e66219da7b3b44.jpg,elephant,0.69
eda5ce1c0338546ceb7e17de77e66219da7b3b44.jpg,elephant,0.69
eda5ce1c0338546ceb7e17de77e66219da7b3b44.jpg,elephant,0.69
eda5ce1c0338546ceb7e17de77e66219da7b3b44.jpg,elephant,0.70
eddcbe632783369bdced59c91b2fb1e1d9737df5.jpg,elephant,0.29
ef9ed7d5f599351c49f42cc99d4a00571681442e.jpg,elephant,0.28
ef9ed7d5f599351c49f42cc99d4a00571681442e.jpg,elephant,0.29
ef9ed7d5f599351c49f42cc99d4a00571681442e.jpg,elephant,0.29
ef9ed7d5f599351c49f42cc99d4a00571681442e.jpg,elephant,0.29
ef9ed7d5f599351c49f42cc99d4a00571681442e.jpg,elephant,0.33
ef9ed7d5f599351c49f42cc99d4a00571681442e.jpg,elephant,0.35
ef9ed7d5f599351c49f42cc99d4a00571681442e.jpg,elephant,0.36
ef9ed7d5f599351c49f42cc99d4a00571681442e.jpg,elephant,0.37
ef9ed7d5f599351c49f42cc99d4a00571681442e.jpg,elephant,0.40
ef9ed7d5f599351c49f42cc99d4a00571681442e.jpg,elephant,0.41
ef9ed7d5f599351c49f42cc99d4a00571681442e.jpg,elephant,0.45
ef9ed7d5f599351c49f42cc99d4a00571681442e.jpg,elephant,0.45
ef9ed7d5f599351c49f42cc99d4a00571681442e.jpg,elephant,0.47
ef9ed7d5f599351c49f42cc99d4a00571681442e.jpg,elephant,0.51
ef9ed7d5f599351c49f42cc99d4a00571681442e.jpg,elephant,0.52
ef9ed7d5f599351c49f42cc99d4a00571681442e.jpg,elephant,0.53
ef9ed7d5f599351c49f42cc99d4a00571681442e.jpg,elephant,0.57
ef9ed7d5f599351c49f42cc99d4a00571681442e.jpg,elephant,0.57
ef9ed7d5f599351c49f42cc99d4a00571681442e.jpg,elephant,0.58
ef9ed7d5f599351c49f42cc99d4a00571681442e.jpg,elephant,0.58
ef9ed7d5f599351c49f42cc99d4a00571681442e.jpg,elephant,0.59
ef9ed7d5f599351c49f42cc99d4a00571681442e.jpg,elephant,0.59
ef9ed7d5f599351c49f42cc99d4a00571681442e.jpg,elephant,0.61
ef9ed7d5f599351c49f42cc99d4a00571681442e.jpg,elephant,0.62
ef9ed7d5f599351c49f42cc99d4a00571681442e.jpg,elephant,0.64
ef9ed7d5f599351c49f42cc99d4a00571681442e.jpg,elephant,0.65
ef9ed7d5f599351c49f42cc99d4a00571681442e.jpg,elephant,0.66
ef9ed7d5f599351c49f42cc99d4a00571681442e.jpg,elephant,0.66
ef9ed7d5f599351c49f42cc99d4a00571681442e.jpg,elephant,0.67
ef9ed7d5f599351c49f42cc99d4a00571681442e.jpg,elephant,0.70
ef9ed7d5f599351c49f42cc99d4a00571681442e.jpg,elephant,0.79
f0316c8b52c7f411f684835c8feafeb9b5ab9fec.jpg,elephant,0.37
f0f75a93d376760de6932d65c7abda7d88afb9ac.jpg,elephant,0.25
f0f75a93d376760de6932d65c7abda7d88afb9ac.jpg,elephant,0.27
f0f75a93d376760de6932d65c7abda7d88afb9ac.jpg,elephant,0.32
f0f75a93d376760de6932d65c7abda7d88afb9ac.jpg,elephant,0.34
f0f75a93d376760de6932d65c7abda7d88afb9ac.jpg,elephant,0.35
f0f75a93d376760de6932d65c7abda7d88afb9ac.jpg,elephant,0.42
f0f75a93d376760de6932d65c7abda7d88afb9ac.jpg,elephant,0.43
f0f75a93d376760de6932d65c7abda7d88afb9ac.jpg,elephant,0.44
f0f75a93d376760de6932d65c7abda7d88afb9ac.jpg,elephant,0.53
f0f75a93d376760de6932d65c7abda7d88afb9ac.jpg,elephant,0.54
f0f75a93d376760de6932d65c7abda7d88afb9ac.jpg,elephant,0.65
f0f75a93d376760de6932d65c7abda7d88afb9ac.jpg,elephant,0.70
f0f75a93d376760de6932d65c7abda7d88afb9ac.jpg,elephant,0.70
f0f75a93d376760de6932d65c7abda7d88afb9ac.jpg,elephant,0.71
f0f75a93d376760de6932d65c7abda7d88afb9ac.jpg,elephant,0.73
f0f75a93d376760de6932d65c7abda7d88afb9ac.jpg,elephant,0.76
f0f75a93d376760de6932d65c7abda7d88afb9ac.jpg,elephant,0.77
f203bf30a80ff712c2828f2b67fae50f327f675a.jpg,elephant,0.29
f4b73f655ec8f048b81d2718b99093be4db9803c.jpg,elephant,0.38
f4b73f655ec8f048b81d2718b99093be4db9803c.jpg,elephant,0.39
f4b73f655ec8f048b81d2718b99093be4db9803c.jpg,elephant,0.42
f4b73f655ec8f048b81d2718b99093be4db9803c.jpg,elephant,0.55
f4b73f655ec8f048b81d2718b99093be4db9803c.jpg,elephant,0.68
f4b73f655ec8f048b81d2718b99093be4db9803c.jpg,elephant,0.69
f4d6a81ff33e93bfd2a241279614316defec4f7d.jpg,elephant,0.38
f646e4eb746e6f7101388c1843cd1de5a30909bb.jpg,elephant,0.30
f646e4eb746e6f7101388c1843cd1de5a30909bb.jpg,elephant,0.31
f646e4eb746e6f7101388c1843cd1de5a30909bb.jpg,elephant,0.40
f646e4eb746e6f7101388c1843cd1de5a30909bb.jpg,elephant,0.41
f646e4eb746e6f7101388c1843cd1de5a30909bb.jpg,elephant,0.49
f646e4eb746e6f7101388c1843cd1de5a30909bb.jpg,elephant,0.54
f661c326d7b9b10d81a14cb28adf96c3ef9860bc.jpg,elephant,0.28
f661c326d7b9b10d81a14cb28adf96c3ef9860bc.jpg,elephant,0.36
f661c326d7b9b10d81a14cb28adf96c3ef9860bc.jpg,elephant,0.39
f661c326d7b9b10d81a14cb28adf96c3ef9860bc.jpg,elephant,0.58
f7341f85987f64691287cc71907936c26c447948.jpg,elephant,0.61
f7341f85987f64691287cc71907936c26c447948.jpg,elephant,0.65
f7341f85987f64691287cc71907936c26c447948.jpg,elephant,0.67
f987bc731366c211a9c8282d3a099efd5a434421.jpg,elephant,0.32
f9bbfdb28d52660abacc02222a4ca773a5dd0e4c.jpg,elephant,0.54
fae1a6a5a75576fd8582f356d5d82a40c30f150e.jpg,elephant,0.27
fae1a6a5a75576fd8582f356d5d82a40c30f150e.jpg,elephant,0.30
fae1a6a5a75576fd8582f356d5d82a40c30f150e.jpg,elephant,0.34
fae1a6a5a75576fd8582f356d5d82a40c30f150e.jpg,elephant,0.36
fae1a6a5a75576fd8582f356d5d82a40c30f150e.jpg,elephant,0.51
fae1a6a5a75576fd8582f356d5d82a40c30f150e.jpg,elephant,0.54
fbad7bc7994c4f81e5855fcf59b349dbd3cb06ae.jpg,elephant,0.29
fbad7bc7994c4f81e5855fcf59b349dbd3cb06ae.jpg,elephant,0.58
fc9c4236676b405a85c0a49bd4e13972f7d4622c.jpg,elephant,0.29
fe3b2455bb139fedbf929ea5d94193ac856cb85c.jpg,elephant,0.28
fe3b2455bb139fedbf929ea5d94193ac856cb85c.jpg,elephant,0.29
fe3b2455bb139fedbf929ea5d94193ac856cb85c.jpg,elephant,0.38
fe3b2455bb139fedbf929ea5d94193ac856cb85c.jpg,elephant,0.40
fe3b2455bb139fedbf929ea5d94193ac856cb85c.jpg,elephant,0.44
fe3b2455bb139fedbf929ea5d94193ac856cb85c.jpg,elephant,0.49
fe3b2455bb139fedbf929ea5d94193ac856cb85c.jpg,elephant,0.50
fe3b2455bb139fedbf929ea5d94193ac856cb85c.jpg,elephant,0.55
fe3b2455bb139fedbf929ea5d94193ac856cb85c.jpg,elephant,0.57
fe3b2455bb139fedbf929ea5d94193ac856cb85c.jpg,elephant,0.59
fe3b2455bb139fedbf929ea5d94193ac856cb85c.jpg,elephant,0.60
fe3b2455bb139fedbf929ea5d94193ac856cb85c.jpg,elephant,0.63
fe3b2455bb139fedbf929ea5d94193ac856cb85c.jpg,elephant,0.64
fe3b2455bb139fedbf929ea5d94193ac856cb85c.jpg,elephant,0.65
ff50c00126058afd38fa251b427c1c6f5a88cf0d.jpg,elephant,0.25
ff50c00126058afd38fa251b427c1c6f5a88cf0d.jpg,elephant,0.26
ff50c00126058afd38fa251b427c1c6f5a88cf0d.jpg,elephant,0.26
ff50c00126058afd38fa251b427c1c6f5a88cf0d.jpg,elephant,0.28
ff50c00126058afd38fa251b427c1c6f5a88cf0d.jpg,elephant,0.28
ff50c00126058afd38fa251b427c1c6f5a88cf0d.jpg,elephant,0.28
ff50c00126058afd38fa251b427c1c6f5a88cf0d.jpg,elephant,0.29
ff50c00126058afd38fa251b427c1c6f5a88cf0d.jpg,elephant,0.31
ff50c00126058afd38fa251b427c1c6f5a88cf0d.jpg,elephant,0.34
ff50c00126058afd38fa251b427c1c6f5a88cf0d.jpg,elephant,0.34
ff50c00126058afd38fa251b427c1c6f5a88cf0d.jpg,elephant,0.35
ff50c00126058afd38fa251b427c1c6f5a88cf0d.jpg,elephant,0.35
ff50c00126058afd38fa251b427c1c6f5a88cf0d.jpg,elephant,0.36
ff50c00126058afd38fa251b427c1c6f5a88cf0d.jpg,elephant,0.37
ff50c00126058afd38fa251b427c1c6f5a88cf0d.jpg,elephant,0.39
ff50c00126058afd38fa251b427c1c6f5a88cf0d.jpg,elephant,0.43
ff50c00126058afd38fa251b427c1c6f5a88cf0d.jpg,elephant,0.44
ff50c00126058afd38fa251b427c1c6f5a88cf0d.jpg,elephant,0.45
ff50c00126058afd38fa251b427c1c6f5a88cf0d.jpg,elephant,0.46
ff50c00126058afd38fa251b427c1c6f5a88cf0d.jpg,elephant,0.46
ff50c00126058afd38fa251b427c1c6f5a88cf0d.jpg,elephant,0.48
ff50c00126058afd38fa251b427c1c6f5a88cf0d.jpg,elephant,0.51
ff50c00126058afd38fa251b427c1c6f5a88cf0d.jpg,elephant,0.53
ff50c00126058afd38fa251b427c1c6f5a88cf0d.jpg,elephant,0.54
ff50c00126058afd38fa251b427c1c6f5a88cf0d.jpg,elephant,0.56
ff50c00126058afd38fa251b427c1c6f5a88cf0d.jpg,elephant,0.59
ff8c5a1ad5f1eb251eb6d44620d9f437e5c59c0a.jpg,elephant,0.26
ff8c5a1ad5f1eb251eb6d44620d9f437e5c59c0a.jpg,elephant,0.39
ff8c5a1ad5f1eb251eb6d44620d9f437e5c59c0a.jpg,elephant,0.47
ff8c5a1ad5f1eb251eb6d44620d9f437e5c59c0a.jpg,elephant,0.52
ff8c5a1ad5f1eb251eb6d44620d9f437e5c59c0a.jpg,elephant,0.65
ff8c5a1ad5f1eb251eb6d44620d9f437e5c59c0a.jpg,elephant,0.65
